obey,"obey(v.)服從、遵守
obedient(adj.)順從的
obedience(n.)服從
obey the rules 遵守規則
obey the law 守法
Students must obey the school rules.
(學生必須遵守校規。)
The dog always obeys its owner.
(那隻狗總是聽主人的話。)"
object,"object(n./v.)物體、目標、受詞、反對
objection(n.)反對
objective(adj./n.)客觀的、目標
object to 反對
flying object 飛行物體
My parents objected to the plan.
(我爸媽反對這個計畫。)
There is a strange object in the sky.
(天空中有一個奇怪的物體。)"
obvious,"obvious(adj.)明顯的
obviously(adv.)明顯地
obvious reason 明顯的理由
it is obvious that 很明顯的是
It is obvious that he is lying.
(很明顯他在說謊。)
She was obviously very tired.
(她顯然非常累。)"
occur,"occur(v.)發生、出現、想到
occurrence(n.)發生、事件
occur to 想到
accidents occur 意外發生
The accident occurred late at night.
(那起意外發生在深夜。)
It never occurred to me to ask him.
(我從沒想過要問他。)"
ocean,"ocean(n.)海洋
oceanic(adj.)海洋的
Pacific Ocean 太平洋
ocean view 海景
Taiwan is in the Pacific Ocean.
(台灣位於太平洋。)
We stayed in a room with an ocean view.
(我們住在有海景的房間。)"
offer,"offer(v./n.)提供、提議、出價
(無詞性變化)
job offer 工作機會
offer help 提供幫助
He offered me a cup of tea.
(他請我喝一杯茶。)
She got a job offer from a big company.
(她得到了一家大公司的工作機會。)"
official,"official(adj./n.)官方的、正式的、官員
officially(adv.)正式地
office(n.)辦公室、職位
official language 官方語言
government official 政府官員
English is an official language in India.
(英語是印度的官方語言之一。)
Two government officials visited our school.
(兩位政府官員參訪了我們學校。)"
operate,"operate(v.)操作、運轉、動手術
operation(n.)手術、操作
operator(n.)操作員
operate a machine 操作機器
operate on 為…動手術
Do you know how to operate this machine?
(你知道怎麼操作這台機器嗎？)
The doctor will operate on him tomorrow.
(醫生明天將為他動手術。)"
operator,"operator(n.)操作員、接線生、業者
operate(v.)操作
telephone operator 電話接線生
tour operator 旅行業者
The operator connected my call.
(接線生幫我接通了電話。)
He works as a machine operator.
(他的工作是機器操作員。)"
opinion,"opinion(n.)意見、看法
(無詞性變化)
in my opinion 依我看
public opinion 輿論
In my opinion, the movie was too long.
(依我看，那部電影太長了。)
What is your opinion about this?
(你對這件事有什麼看法？)"
ordinary,"ordinary(adj.)普通的、平常的
ordinarily(adv.)通常
ordinary people 普通人
out of the ordinary 不尋常的
It was just an ordinary day.
(那只是平凡的一天。)
Nothing out of the ordinary happened.
(沒有發生什麼不尋常的事。)"
organ,"organ(n.)器官、風琴
organic(adj.)有機的、器官的
internal organs 內臟
organ donation 器官捐贈
The heart is an important organ.
(心臟是一個重要的器官。)
She plays the organ at church.
(她在教堂彈風琴。)"
organization,"organization(n.)組織、機構、團體
organize(v.)組織、安排
organizer(n.)主辦者
non-profit organization 非營利組織
international organization 國際組織
She works for a non-profit organization.
(她在一個非營利組織工作。)
The WHO is an international organization.
(世界衛生組織是一個國際組織。)"
origin,"origin(n.)起源、出身
original(adj.)原始的、原創的
originally(adv.)原本
country of origin 原產國
the origin of 起源
Do you know the origin of this word?
(你知道這個字的起源嗎？)
The country of origin is on the label.
(原產國標示在標籤上。)"
owner,"owner(n.)擁有者、主人
own(v.)擁有
ownership(n.)所有權
shop owner 店主
dog owner 狗主人
The shop owner is very friendly.
(那位店主很友善。)
Who is the owner of this bike?
(這台腳踏車的主人是誰？)"
pain,"pain(n./v.)疼痛、痛苦、使痛苦
painful(adj.)疼痛的
painless(adj.)無痛的
feel pain 感到疼痛
a pain in the neck 討厭的人事物
I have a pain in my back.
(我背痛。)
No pain, no gain.
(不勞則無獲。)"
painful,"painful(adj.)疼痛的、令人痛苦的
pain(n.)疼痛
painfully(adv.)痛苦地
painful memory 痛苦的回憶
painful experience 痛苦的經驗
My leg is still painful after the fall.
(跌倒之後我的腿還在痛。)
Losing her pet was a painful experience.
(失去寵物對她來說是痛苦的經驗。)"
painting,"painting(n.)畫、繪畫
paint(v.)畫
painter(n.)畫家
oil painting 油畫
famous painting 名畫
This oil painting is very old.
(這幅油畫非常古老。)
Painting is my favorite hobby.
(畫畫是我最喜歡的嗜好。)"
pajamas,"pajamas(n.)睡衣褲
(無詞性變化)
a pair of pajamas 一套睡衣
in pajamas 穿著睡衣
He came down in his pajamas.
(他穿著睡衣走下樓來。)
I bought a new pair of pajamas.
(我買了一套新睡衣。)"
pale,"pale(adj.)蒼白的、淺色的
paleness(n.)蒼白
turn pale 臉色發白
pale blue 淺藍色
You look pale. Are you sick?
(你臉色蒼白，生病了嗎？)
She turned pale when she heard the news.
(她聽到消息時臉色發白。)"
pan,"pan(n.)平底鍋
(無詞性變化)
frying pan 平底煎鍋
pots and pans 鍋碗瓢盆
Heat some oil in a frying pan.
(在平底鍋裡加熱一些油。)
Dad washed all the pots and pans.
(爸爸洗了所有的鍋子。)"
panda,"panda(n.)貓熊
(無詞性變化)
giant panda 大貓熊
baby panda 貓熊寶寶
We saw a giant panda at the zoo.
(我們在動物園看到一隻大貓熊。)
The baby panda is very cute.
(那隻貓熊寶寶非常可愛。)"
papaya,"papaya(n.)木瓜
(無詞性變化)
papaya milk 木瓜牛奶
ripe papaya 熟木瓜
I love drinking papaya milk.
(我很喜歡喝木瓜牛奶。)
This papaya is sweet and ripe.
(這顆木瓜又甜又熟。)"
pardon,"pardon(n./v.)原諒、赦免
(無詞性變化)
pardon me 對不起、請再說一遍
I beg your pardon 請再說一次
Pardon me, could you say that again?
(對不起，你可以再說一次嗎？)
The king pardoned the prisoner.
(國王赦免了那名囚犯。)"
participate,"participate(v.)參與、參加
participation(n.)參與
participant(n.)參加者
participate in 參加
actively participate 積極參與
All students should participate in class.
(所有學生都應該參與課堂活動。)
Over 100 teams participated in the contest.
(超過一百隊參加了這場比賽。)"
particular,"particular(adj.)特定的、特別的、挑剔的
particularly(adv.)特別地
in particular 特別、尤其
be particular about 對…挑剔
Is there anything in particular you want?
(你有特別想要什麼嗎？)
She is very particular about food.
(她對食物非常挑剔。)"
partner,"partner(n.)夥伴、搭檔、合夥人
partnership(n.)合夥關係
business partner 生意夥伴
dance partner 舞伴
Find a partner and practice the dialogue.
(找個搭檔練習這段對話。)
He is my business partner.
(他是我的生意夥伴。)"
password,"password(n.)密碼、口令
(無詞性變化)
enter a password 輸入密碼
change one's password 更改密碼
Please enter your password.
(請輸入你的密碼。)
You should change your password often.
(你應該經常更換密碼。)"
paste,"paste(n./v.)漿糊、醬、貼上
(無詞性變化)
copy and paste 複製貼上
tomato paste 番茄醬(糊)
Copy and paste the text into the file.
(把文字複製貼上到檔案裡。)
Add some tomato paste to the soup.
(在湯裡加一些番茄糊。)"
path,"path(n.)小徑、道路、路線
(無詞性變化)
bike path 自行車道
career path 職涯道路
We walked along the path by the river.
(我們沿著河邊的小徑散步。)
He chose a different career path.
(他選擇了一條不同的職涯道路。)"
patient,"patient(n./adj.)病人、有耐心的
patience(n.)耐心
patiently(adv.)耐心地
be patient with 對…有耐心
cancer patient 癌症病人
Our teacher is patient with us.
(我們老師對我們很有耐心。)
The doctor has many patients today.
(醫生今天有很多病人。)"
pattern,"pattern(n./v.)模式、圖案、仿造
(無詞性變化)
sleep pattern 睡眠模式
flower pattern 花朵圖案
Her dress has a flower pattern.
(她的洋裝有花朵圖案。)
Try to find the pattern in these numbers.
(試著找出這些數字的規律。)"
peace,"peace(n.)和平、平靜
peaceful(adj.)和平的、寧靜的
world peace 世界和平
peace of mind 心安
We all hope for world peace.
(我們都希望世界和平。)
Leave me in peace, please.
(請讓我靜一靜。)"
peaceful,"peaceful(adj.)和平的、寧靜的
peace(n.)和平
peacefully(adv.)平靜地
peaceful life 平靜的生活
peaceful village 寧靜的村莊
They live a peaceful life in the country.
(他們在鄉下過著平靜的生活。)
The baby is sleeping peacefully.
(寶寶正安詳地睡著。)"
peach,"peach(n.)桃子
(無詞性變化)
peach tree 桃樹
peach juice 桃子汁
These peaches are sweet and juicy.
(這些桃子又甜又多汁。)
There is a peach tree in our yard.
(我們院子裡有一棵桃樹。)"
peak,"peak(n./v.)山頂、高峰、達到頂點
(無詞性變化)
peak hours 尖峰時段
reach the peak 達到高峰
The MRT is crowded during peak hours.
(捷運在尖峰時段很擁擠。)
They finally reached the peak of the mountain.
(他們終於登上了山頂。)"
pear,"pear(n.)梨子
(無詞性變化)
Asian pear 水梨
pear tree 梨樹
I bought some pears at the market.
(我在市場買了一些梨子。)
This pear is very juicy.
(這顆梨子很多汁。)"
per,"per(prep.)每、每一
(無詞性變化)
per hour 每小時
per person 每人
The tickets cost 300 dollars per person.
(門票每人三百元。)
The car was going 80 kilometers per hour.
(那輛車以每小時八十公里行駛。)"
perfect,"perfect(adj./v./n.)完美的、使完美、完成式
perfectly(adv.)完美地、完全地
perfection(n.)完美
perfect weather 完美的天氣
perfectly fine 完全沒問題
Practice makes perfect.
(熟能生巧。)
The weather is perfect for a picnic.
(這種天氣最適合野餐。)"
period,"period(n.)時期、期間、節課、句點
periodic(adj.)週期性的
a period of time 一段時間
class period 一節課
He lived in Japan for a short period.
(他在日本住了一小段時間。)
We have math in the third period.
(我們第三節是數學課。)"
personal,"personal(adj.)個人的、私人的
personally(adv.)就個人而言、親自
person(n.)人
personal information 個人資料
personal opinion 個人意見
Don't share your personal information online.
(不要在網路上分享你的個人資料。)
Personally, I prefer tea to coffee.
(就我個人而言，我比較喜歡茶而不是咖啡。)"
personality,"personality(n.)個性、人格、名人
personal(adj.)個人的
strong personality 個性強烈
TV personality 電視名人
She has a warm and friendly personality.
(她個性溫暖又友善。)
The twins have very different personalities.
(那對雙胞胎個性非常不同。)"
phrase,"phrase(n./v.)片語、措辭、用言語表達
(無詞性變化)
useful phrase 實用片語
phrase book 常用語手冊
Learn these useful English phrases.
(學會這些實用的英文片語。)
He phrased his question very politely.
(他用很有禮貌的措辭提出問題。)"
pillow,"pillow(n.)枕頭
(無詞性變化)
soft pillow 柔軟的枕頭
pillow fight 枕頭大戰
I can't sleep without my pillow.
(沒有我的枕頭我睡不著。)
The kids had a pillow fight.
(孩子們玩枕頭大戰。)"
pizza,"pizza(n.)披薩
(無詞性變化)
order a pizza 訂披薩
a slice of pizza 一片披薩
Let's order a pizza for dinner.
(我們晚餐訂披薩吧。)
I ate three slices of pizza.
(我吃了三片披薩。)"
plain,"plain(adj./n.)簡單的、樸素的、清楚的、平原
plainly(adv.)清楚地、樸素地
plain white 素白色
plain English 淺白的英文
She wore a plain white shirt.
(她穿了一件素白的襯衫。)
Please explain it in plain English.
(請用淺白的英文解釋。)"
platform,"platform(n.)月台、平台、講台
(無詞性變化)
train platform 火車月台
online platform 線上平台
The train leaves from Platform 3.
(火車從第三月台發車。)
This online platform helps students learn.
(這個線上平台幫助學生學習。)"
playground,"playground(n.)遊樂場、操場
(無詞性變化)
school playground 學校操場
play on the playground 在操場玩
The children are playing on the playground.
(孩子們在操場上玩。)
There is a new playground in the park.
(公園裡有一個新的遊樂場。)"
pleasant,"pleasant(adj.)令人愉快的、宜人的
please(v.)使高興
pleasure(n.)愉快
pleasant weather 宜人的天氣
pleasant surprise 驚喜
We had a pleasant time at the beach.
(我們在海邊度過了愉快的時光。)
The weather is pleasant today.
(今天天氣很宜人。)"
plus,"plus(prep./n./adj.)加上、加號、優點、正的
(無詞性變化)
plus sign 加號
a big plus 一大優點
Two plus two is four.
(二加二等於四。)
Speaking English is a big plus for this job.
(會說英文是這份工作的一大加分。)"
poem,"poem(n.)詩
poet(n.)詩人
poetry(n.)詩(總稱)
write a poem 寫詩
love poem 情詩
She wrote a poem about her mother.
(她寫了一首關於母親的詩。)
We read a famous poem in class.
(我們在課堂上讀了一首名詩。)"
poet,"poet(n.)詩人
poem(n.)詩
poetic(adj.)詩意的
famous poet 著名詩人
young poet 年輕詩人
Li Bai was a great Chinese poet.
(李白是一位偉大的中國詩人。)
She dreams of becoming a poet.
(她夢想成為一名詩人。)"
poetry,"poetry(n.)詩(總稱)、詩歌
poem(n.)一首詩
poetic(adj.)詩意的
write poetry 寫詩
modern poetry 現代詩
He loves reading poetry.
(他喜歡讀詩。)
We studied modern poetry this term.
(我們這學期學了現代詩。)"
poison,"poison(n./v.)毒藥、毒物、下毒
poisonous(adj.)有毒的
food poisoning 食物中毒
poison gas 毒氣
Some snakes use poison to kill their prey.
(有些蛇用毒液殺死獵物。)
He got food poisoning from bad fish.
(他吃了壞掉的魚而食物中毒。)"
policeman/cop,"policeman(n.)警察
cop(n.)警察(口語)
police(n.)警方
traffic policeman 交通警察
call a cop 叫警察
The policeman helped the old lady cross the street.
(警察幫老太太過馬路。)
A cop stopped the car on the road.
(一名警察在路上攔下那輛車。)"
policy,"policy(n.)政策、方針
(無詞性變化)
government policy 政府政策
school policy 學校規定
The new policy helps poor families.
(新政策幫助了貧困家庭。)
Honesty is the best policy.
(誠實為上策。)"
pop,"pop(n./adj.)流行音樂、砰的一聲、流行的
popular(adj.)流行的
pop music 流行音樂
pop star 流行歌星
I like listening to pop music.
(我喜歡聽流行音樂。)
She wants to be a pop star.
(她想成為流行歌星。)"
population,"population(n.)人口
populate(v.)居住於
large population 人口眾多
population growth 人口成長
Taipei has a large population.
(台北人口眾多。)
The population of Taiwan is about 23 million.
(台灣的人口約兩千三百萬。)"
pork,"pork(n.)豬肉
(無詞性變化)
braised pork rice 滷肉飯
pork chop 豬排
Braised pork rice is a famous Taiwanese dish.
(滷肉飯是有名的台灣料理。)
I had a pork chop for lunch.
(我午餐吃了豬排。)"
port,"port(n.)港口、港市
portable(adj.)手提的
fishing port 漁港
port city 港口城市
Kaohsiung is a big port city.
(高雄是一個大型港口城市。)
The ship arrived at the port in the morning.
(那艘船早上抵達港口。)"
pose,"pose(v./n.)擺姿勢、造成、姿勢
(無詞性變化)
pose for a photo 擺姿勢拍照
pose a problem 造成問題
We posed for a photo in front of the castle.
(我們在城堡前擺姿勢拍照。)
Smoking poses a danger to health.
(抽菸對健康構成危險。)"
position,"position(n./v.)位置、職位、立場、放置
(無詞性變化)
in position 在適當位置
job position 職位
She applied for the position of manager.
(她應徵了經理的職位。)
Please stay in your position.
(請待在你的位置上。)"
positive,"positive(adj./n.)正面的、積極的、確定的、陽性
positively(adv.)積極地、肯定地
positive attitude 積極的態度
test positive 檢驗呈陽性
Try to keep a positive attitude.
(試著保持積極的態度。)
Are you positive that he said that?
(你確定他說了那句話嗎？)"
possibility,"possibility(n.)可能性
possible(adj.)可能的
possibly(adv.)可能地
a strong possibility 很大的可能性
the possibility of ……的可能性
There is a possibility of rain tonight.
(今晚有下雨的可能。)
We talked about the possibility of moving.
(我們討論了搬家的可能性。)"
post,"post(n./v./adv.)郵件、職位、柱子、張貼、郵寄、快速地
postal(adj.)郵政的
post office 郵局
post a message 發布訊息
I need to go to the post office.
(我需要去郵局。)
She posted a photo online.
(她在網路上貼了一張照片。)"
postcard,"postcard(n.)明信片
(無詞性變化)
send a postcard 寄明信片
picture postcard 風景明信片
I sent my friend a postcard from Japan.
(我從日本寄了一張明信片給朋友。)
She collects postcards from many countries.
(她收集許多國家的明信片。)"
pound,"pound(n.)磅(重量單位)、英鎊
(無詞性變化)
five pounds 五磅
British pound 英鎊
This bag weighs ten pounds.
(這個袋子重十磅。)
The ticket costs twenty pounds.
(這張票要二十英鎊。)"
powerful,"powerful(adj.)強大的、有權勢的、有效力的
power(n.)力量
powerfully(adv.)強有力地
powerful country 強國
powerful engine 強力引擎
America is a powerful country.
(美國是一個強大的國家。)
This car has a powerful engine.
(這輛車有強大的引擎。)"
praise,"praise(n./v.)稱讚、讚美
praiseworthy(adj.)值得稱讚的
praise sb. for 稱讚某人…
high praise 高度讚揚
The teacher praised him for his hard work.
(老師稱讚他很用功。)
Her new book received high praise.
(她的新書獲得高度讚揚。)"
pray,"pray(v.)祈禱、祈求
prayer(n.)禱告、禱文
pray for 為…祈禱
pray to God 向上帝祈禱
We prayed for his safe return.
(我們祈禱他平安歸來。)
She prays before every meal.
(她每餐飯前都會禱告。)"
prayer,"prayer(n.)禱告、禱文、祈禱者
pray(v.)祈禱
say a prayer 做禱告
morning prayer 早禱
She said a prayer before bed.
(她睡前做了禱告。)
Our prayers were answered.
(我們的禱告應驗了。)"
prefer,"prefer(v.)較喜歡、偏好
preference(n.)偏好
preferable(adj.)較好的
prefer A to B 喜歡 A 勝過 B
prefer to 寧願
I prefer tea to coffee.
(比起咖啡，我比較喜歡茶。)
She prefers to stay at home on weekends.
(她週末比較喜歡待在家。)"
president,"president(n.)總統、總裁、校長、會長
presidential(adj.)總統的
vice president 副總統、副總裁
elect a president 選出總統
She was elected president of the student council.
(她被選為學生會會長。)
The president gave a speech on TV.
(總統在電視上發表了演說。)"
press,"press(n./v.)新聞界、出版社、壓、按
pressure(n.)壓力
press the button 按按鈕
press conference 記者會
Press the button to start.
(按下按鈕開始。)
The mayor held a press conference today.
(市長今天召開了記者會。)"
pressure,"pressure(n./v.)壓力、施壓
press(v.)壓
pressure from 來自…的壓力
blood pressure 血壓
Students are under a lot of pressure before exams.
(考試前學生承受很大的壓力。)
His parents pressured him to study law.
(他的父母逼他讀法律。)"
pride,"pride(n./v.)自豪、驕傲、以…自豪
proud(adj.)自豪的
take pride in 以…為傲
pride oneself on 以…自豪
He takes pride in his work.
(他以自己的工作為傲。)
She prides herself on being on time.
(她以自己守時為傲。)"
priest,"priest(n.)神父、牧師、祭司
(無詞性變化)
Catholic priest 天主教神父
become a priest 成為神父
The priest gave a talk at the church.
(神父在教堂發表談話。)
He decided to become a priest.
(他決定成為神父。)"
primary,"primary(adj.)主要的、初級的
primarily(adv.)主要地
primary school 小學
primary reason 主要原因
My brother is in primary school.
(我弟弟在讀小學。)
Money was not the primary reason.
(錢不是主要原因。)"
prince/princess,"prince(n.)王子
princess(n.)公主
Prince Charming 白馬王子
fairy-tale princess 童話公主
The prince fell in love with a poor girl.
(王子愛上了一個貧窮的女孩。)
The little girl dressed up as a princess.
(那個小女孩打扮成公主。)"
principal,"principal(adj./n.)主要的、校長
principally(adv.)主要地
school principal 校長
principal reason 主要原因
The principal gave a speech at the meeting.
(校長在集會上發表了演說。)
Cost is the principal reason for the change.
(成本是改變的主要原因。)"
principle,"principle(n.)原則、原理
(無詞性變化)
in principle 原則上
basic principle 基本原理
In principle, I agree with you.
(原則上我同意你。)
He never acts against his principles.
(他從不違背自己的原則。)"
print,"print(n./v.)印刷、列印、字體、印記
printer(n.)印表機
print out 列印出來
in print 已出版
Please print out the report for me.
(請幫我把報告印出來。)
The print in this book is too small.
(這本書的字體太小了。)"
printer,"printer(n.)印表機、印刷業者
print(v.)列印
laser printer 雷射印表機
printer ink 印表機墨水
The printer is out of paper.
(印表機沒紙了。)
We need to buy new printer ink.
(我們需要買新的印表機墨水。)"
prison,"prison(n.)監獄
prisoner(n.)囚犯
imprison(v.)監禁
go to prison 入獄
in prison 在獄中
The thief was sent to prison.
(那個小偷被送進監獄。)
He spent five years in prison.
(他坐了五年牢。)"
prisoner,"prisoner(n.)囚犯、俘虜
prison(n.)監獄
prisoner of war 戰俘
release a prisoner 釋放囚犯
The prisoner escaped last night.
(那名囚犯昨晚逃獄了。)
They took him prisoner during the war.
(他在戰爭中被俘虜。)"
private,"private(adj.)私人的、私立的、隱私的
privacy(n.)隱私
privately(adv.)私下地
private school 私立學校
in private 私下
She goes to a private school.
(她就讀私立學校。)
Can I talk to you in private?
(我可以私下跟你談談嗎？)"
prize,"prize(n./v.)獎品、獎、重視
(無詞性變化)
win a prize 得獎
first prize 首獎
She won first prize in the speech contest.
(她在演講比賽中得到第一名。)
The Nobel Prize is a great honor.
(諾貝爾獎是一項很高的榮譽。)"
produce,"produce(v./n.)生產、製造、農產品
product(n.)產品
production(n.)生產
producer(n.)製作人、生產者
produce goods 生產商品
fresh produce 新鮮農產品
This factory produces cars.
(這家工廠生產汽車。)
The market sells fresh produce.
(這個市場販售新鮮農產品。)"
production,"production(n.)生產、產量、製作
produce(v.)生產
productive(adj.)多產的、有成效的
mass production 大量生產
production line 生產線
Production of rice was high this year.
(今年稻米的產量很高。)
The factory started mass production.
(那家工廠開始大量生產。)"
progress,"progress(n./v.)進步、進展、前進
progressive(adj.)進步的
make progress 進步
in progress 進行中
You have made great progress in English.
(你的英文進步很多。)
The meeting is still in progress.
(會議仍在進行中。)"
project,"project(n.)計畫、專案、專題
(無詞性變化)
school project 學校專題
work on a project 進行專案
We are working on a science project.
(我們正在做一個科學專題。)
The project will take two months.
(這個計畫將花兩個月。)"
promise,"promise(n./v.)承諾、答應
promising(adj.)有前途的
keep a promise 遵守承諾
break a promise 違背承諾
I promise I won't be late again.
(我保證不會再遲到了。)
He always keeps his promises.
(他總是遵守承諾。)"
proper,"proper(adj.)適當的、正確的
properly(adv.)適當地、正確地
proper way 正確的方法
proper clothes 合適的衣服
You need proper shoes for hiking.
(你健行需要合適的鞋子。)
Please do your homework properly.
(請好好地做你的功課。)"
propose,"propose(v.)提議、求婚
proposal(n.)提議、求婚
propose a plan 提出計畫
propose to sb. 向某人求婚
He proposed a new plan at the meeting.
(他在會議上提出了一個新計畫。)
Tom proposed to his girlfriend last night.
(湯姆昨晚向女友求婚。)"
protect,"protect(v.)保護
protection(n.)保護
protective(adj.)保護的
protect from 保護…免於
protect the environment 保護環境
Sunglasses protect your eyes from the sun.
(太陽眼鏡保護你的眼睛不受陽光傷害。)
We must protect wild animals.
(我們必須保護野生動物。)"
protective,"protective(adj.)保護的、防護的
protect(v.)保護
protection(n.)保護
protective clothing 防護衣
be protective of 對…保護欲強
Workers must wear protective clothing.
(工人必須穿防護衣。)
She is very protective of her little brother.
(她對弟弟非常保護。)"
prove,"prove(v.)證明、證實
proof(n.)證據
prove oneself 證明自己
prove sb. wrong 證明某人錯了
Can you prove that you were at home?
(你能證明你當時在家嗎？)
She worked hard to prove herself.
(她努力工作證明自己。)"
provide,"provide(v.)提供
provision(n.)供應、規定
provide A with B 提供 B 給 A
provide for 供養
The school provides students with free lunch.
(學校提供學生免費午餐。)
He works hard to provide for his family.
(他努力工作養家。)"
pudding,"pudding(n.)布丁
(無詞性變化)
egg pudding 雞蛋布丁
chocolate pudding 巧克力布丁
I had some pudding for dessert.
(我吃了一些布丁當甜點。)
My sister loves chocolate pudding.
(我妹妹很愛巧克力布丁。)"
pumpkin,"pumpkin(n.)南瓜
(無詞性變化)
pumpkin pie 南瓜派
pumpkin soup 南瓜湯
We made a pumpkin lantern for Halloween.
(我們為萬聖節做了南瓜燈。)
Mom cooked pumpkin soup today.
(媽媽今天煮了南瓜湯。)"
punish(ment),"punish(v.)懲罰、punishment(n.)懲罰、處罰
(無詞性變化)
punish sb. for 因…懲罰某人
severe punishment 嚴厲的處罰
The teacher punished him for cheating.
(老師因為他作弊而處罰他。)
The punishment was too severe.
(這個處罰太嚴厲了。)"
pupil,"pupil(n.)學生、小學生、瞳孔
(無詞性變化)
primary school pupil 小學生
former pupil 以前的學生
There are 30 pupils in the class.
(這個班有三十名學生。)
Her pupils got bigger in the dark.
(她的瞳孔在黑暗中放大了。)"
puppy,"puppy(n.)小狗、幼犬
(無詞性變化)
cute puppy 可愛的小狗
puppy love 初戀、青澀的愛
We adopted a puppy from the shelter.
(我們從收容所領養了一隻小狗。)
The puppy is playing with a ball.
(那隻小狗正在玩球。)"
purple,"purple(adj./n.)紫色的、紫色
(無詞性變化)
purple flowers 紫色的花
dark purple 深紫色
She bought a purple umbrella.
(她買了一把紫色的雨傘。)
Purple is a mix of red and blue.
(紫色是紅色和藍色混合而成的。)"
purpose,"purpose(n.)目的、用途
purposely(adv.)故意地
on purpose 故意地
the purpose of ……的目的
He broke the window on purpose.
(他故意打破窗戶。)
What is the purpose of your visit?
(你來訪的目的是什麼？)"
puzzle,"puzzle(n./v.)謎題、拼圖、使困惑
puzzled(adj.)困惑的
jigsaw puzzle 拼圖
crossword puzzle 填字遊戲
We finished a 1,000-piece jigsaw puzzle.
(我們完成了一幅一千片的拼圖。)
His strange answer puzzled me.
(他奇怪的回答讓我很困惑。)"
quality,"quality(n.)品質、特質
(無詞性變化)
high quality 高品質
quality of life 生活品質
This shop sells high-quality goods.
(這家店販售高品質的商品。)
Patience is an important quality for a teacher.
(耐心是當老師的重要特質。)"
quantity,"quantity(n.)數量、份量
(無詞性變化)
large quantity 大量
quality and quantity 質與量
Quality is more important than quantity.
(品質比數量更重要。)
They bought a large quantity of rice.
(他們買了大量的米。)"
quiz,"quiz(n.)小考、測驗
(無詞性變化)
pop quiz 突擊小考
have a quiz 小考
We have a math quiz tomorrow.
(我們明天有數學小考。)
The teacher gave us a pop quiz.
(老師給我們來了一次突擊小考。)"
