sack,"sack(n.)大袋子、麻袋
(無詞性變化)
a sack of rice 一袋米
get the sack 被開除
The farmer carried a heavy sack of rice on his back.
(農夫背著一大袋沉重的米。)
He got the sack for being late too often.
(他因為太常遲到而被開除了。)"
sake,"sake(n.)緣故、利益
(無詞性變化)
for the sake of 為了……
for one's own sake 為了某人自己好
She quit smoking for the sake of her children.
(她為了孩子而戒菸。)
Please get some rest for your own sake.
(為了你自己好，請休息一下。)"
salary,"salary(n.)薪水、薪資
salaried(adj.)領薪水的
monthly salary 月薪
raise one's salary 加薪
His monthly salary is enough to support his family.
(他的月薪足夠養家。)
The company decided to raise everyone's salary this year.
(公司決定今年替每個人加薪。)"
satisfactory,"satisfactory(adj.)令人滿意的、符合要求的
satisfy(v.)使滿意
satisfaction(n.)滿意
satisfactory result 令人滿意的結果
satisfactory answer 滿意的答覆
The test results were satisfactory.
(考試結果令人滿意。)
He could not give a satisfactory answer to the question.
(他無法對這個問題給出令人滿意的答覆。)"
sauce,"sauce(n.)醬汁、調味醬
saucer(n.)茶碟、淺碟
soy sauce 醬油
tomato sauce 番茄醬汁
Add a little soy sauce to the fried rice.
(在炒飯裡加一點醬油。)
The pasta tastes better with fresh tomato sauce.
(義大利麵配上新鮮番茄醬汁更好吃。)"
saucer,"saucer(n.)茶碟、淺碟
sauce(n.)醬汁
cup and saucer 一套杯碟
flying saucer 飛碟
She placed the cup carefully on the saucer.
(她小心地把杯子放在茶碟上。)
The boy claimed he saw a flying saucer in the sky.
(那個男孩聲稱他在天空看到了飛碟。)"
sausage,"sausage(n.)香腸、臘腸
(無詞性變化)
grilled sausage 烤香腸
sausage roll 香腸捲
Grilled sausage is a popular snack at Taiwan's night markets.
(烤香腸是台灣夜市受歡迎的小吃。)
We had eggs and sausages for breakfast.
(我們早餐吃了蛋和香腸。)"
saving(s),"saving(n.)節省、savings(n.)存款、積蓄
save(v.)節省、儲蓄、拯救
savings account 儲蓄帳戶
life savings 畢生積蓄
She spent all her savings on a trip to Japan.
(她把所有的積蓄都花在日本之旅上。)
Turning off the lights can make a big saving on electricity.
(隨手關燈可以省下大量電費。)"
scale(s),"scale(n.)規模、比例、刻度、scales(n.)秤、天平
(無詞性變化)
on a large scale 大規模地
bathroom scales 體重計
The company produces toys on a large scale.
(那間公司大規模生產玩具。)
She stepped on the scales to check her weight.
(她站上體重計量體重。)"
scarce,"scarce(adj.)稀少的、缺乏的
scarcely(adv.)幾乎不
scarcity(n.)缺乏、稀少
scarce resources 稀少的資源
water is scarce 水資源缺乏
Water becomes scarce in the dry season.
(乾季時水變得很缺乏。)
Food was scarce during the war.
(戰爭期間糧食短缺。)"
scarf,"scarf(n.)圍巾、披巾
scarves(n.)圍巾(複數)
wool scarf 羊毛圍巾
wear a scarf 圍圍巾
She wore a warm wool scarf on the cold day.
(她在寒冷的日子圍著一條溫暖的羊毛圍巾。)
My grandmother knitted a scarf for me.
(我奶奶替我織了一條圍巾。)"
scary,"scary(adj.)可怕的、嚇人的
scare(v./n.)驚嚇、恐慌
scared(adj.)害怕的
scary movie 恐怖電影
scary experience 可怕的經歷
We watched a scary movie last night and couldn't sleep.
(我們昨晚看了一部恐怖片，結果睡不著。)
Being stuck in the elevator was a scary experience.
(被困在電梯裡是一次可怕的經歷。)"
scatter,"scatter(v./n.)散布、撒、驅散
scattered(adj.)分散的、零星的
scatter seeds 撒種子
scattered showers 零星陣雨
The farmer scattered seeds across the field.
(農夫在田裡撒下種子。)
Toys were scattered all over the floor.
(玩具散落了一地。)"
scholar,"scholar(n.)學者
scholarship(n.)獎學金
scholarly(adj.)學術的、博學的
famous scholar 知名學者
Chinese scholar 漢學家
He is a famous scholar of Chinese history.
(他是一位知名的中國史學者。)
Many scholars came to the conference to share their research.
(許多學者來參加研討會分享研究。)"
scholarship,"scholarship(n.)獎學金
scholar(n.)學者
win a scholarship 獲得獎學金
full scholarship 全額獎學金
She won a full scholarship to study in the US.
(她獲得全額獎學金到美國留學。)
Good grades can help you get a scholarship.
(好成績可以幫助你獲得獎學金。)"
scientific,"scientific(adj.)科學的
science(n.)科學
scientifically(adv.)科學地
scientific research 科學研究
scientific method 科學方法
The scientific method helps us find answers step by step.
(科學方法幫助我們一步一步找到答案。)
There is no scientific evidence for the story.
(這個說法沒有科學證據。)"
scientist,"scientist(n.)科學家
science(n.)科學
scientific(adj.)科學的
computer scientist 電腦科學家
become a scientist 成為科學家
My little brother wants to become a scientist.
(我弟弟想成為科學家。)
Scientists are working hard to find a cure for the disease.
(科學家正努力尋找治療這種疾病的方法。)"
scissors,"scissors(n.)剪刀
(無詞性變化)
a pair of scissors 一把剪刀
sharp scissors 鋒利的剪刀
Can I borrow your scissors to cut the paper?
(我可以借你的剪刀剪紙嗎？)
Children should be careful when using sharp scissors.
(小孩使用鋒利的剪刀時應該小心。)"
scout,"scout(n./v.)童子軍、偵察員、偵察
(無詞性變化)
boy scout 童子軍
talent scout 星探
My brother joined the scouts in junior high school.
(我哥哥國中時參加了童子軍。)
A talent scout noticed her singing in the park.
(一位星探注意到她在公園唱歌。)"
scream,"scream(v./n.)尖叫、大叫
(無詞性變化)
scream for help 尖叫求救
let out a scream 發出一聲尖叫
She screamed when she saw a big spider.
(她看到一隻大蜘蛛時尖叫起來。)
We heard someone scream for help outside.
(我們聽到外面有人尖叫求救。)"
screw,"screw(v./n.)旋緊、用螺絲固定、螺絲
screwdriver(n.)螺絲起子
tighten a screw 鎖緊螺絲
screw up 搞砸
He used a screwdriver to tighten the screws.
(他用螺絲起子鎖緊螺絲。)
I really screwed up my math test.
(我數學考試真的考砸了。)"
scrub,"scrub(n./v.)刷洗、擦洗、灌木叢
(無詞性變化)
scrub the floor 刷地板
give a good scrub 好好刷洗
We scrubbed the classroom floor before the holiday.
(我們在放假前把教室地板刷洗乾淨。)
The pot needs a good scrub.
(這個鍋子需要好好刷洗。)"
seal,"seal(n./v.)海豹、封條、印章、密封
(無詞性變化)
seal the envelope 封好信封
baby seal 小海豹
Don't forget to seal the envelope before mailing it.
(寄出前別忘了把信封封好。)
We watched seals playing on the rocks.
(我們看著海豹在岩石上玩耍。)"
security,"security(n.)安全、保全、保障
secure(adj./v.)安全的、確保
security guard 保全人員
security check 安全檢查
All passengers must go through a security check.
(所有乘客都必須通過安全檢查。)
The building has twenty-four-hour security.
(這棟大樓有二十四小時保全。)"
semester,"semester(n.)學期
(無詞性變化)
fall semester 上學期
final exam of the semester 期末考
The new semester starts in September.
(新學期在九月開始。)
I plan to join the drama club this semester.
(我打算這學期加入戲劇社。)"
senior,"senior(adj./n.)年長的、資深的、高年級生、長者
seniority(n.)年資
senior high school 高中
senior citizen 年長者
My sister is a senior in high school.
(我姊姊是高三學生。)
Senior citizens can take the MRT at a lower price.
(年長者可以用較低的價格搭捷運。)"
sensible,"sensible(adj.)明智的、合理的
sense(n.)感覺、判斷力
sensibly(adv.)明智地
sensible decision 明智的決定
sensible shoes 實用好走的鞋子
It was a sensible decision to bring an umbrella.
(帶雨傘是個明智的決定。)
Wear sensible shoes for the long walk.
(長途步行要穿好走的鞋子。)"
separation,"separation(n.)分開、分離
separate(v./adj.)分開、分開的
separately(adv.)分開地
separation from 與……分離
separation of powers 三權分立
The children cried at the separation from their parents.
(孩子們和父母分開時哭了。)
After years of separation, the two brothers finally met again.
(分離多年後，兩兄弟終於重逢。)"
sexual,"sexual(adj.)性的、性別的
sex(n.)性別、性
sexuality(n.)性向、性慾
sexual harassment 性騷擾
sexual equality 性別平等
Our school has clear rules against sexual harassment.
(我們學校有反性騷擾的明確規定。)
The class discussed sexual equality in the workplace.
(班上討論職場中的性別平等。)"
sexy,"sexy(adj.)性感的、迷人的
sex(n.)性別、性
sexy voice 性感的嗓音
look sexy 看起來性感
The singer is famous for her sexy voice.
(那位歌手以性感的嗓音聞名。)
Some people think fast cars are sexy.
(有些人覺得跑車很有魅力。)"
shadow,"shadow(n./v.)影子、陰影、跟蹤
shadowy(adj.)陰暗的、模糊的
in the shadow of 在……的陰影下
cast a shadow 投下陰影
The tall building casts a long shadow in the afternoon.
(這棟高樓在下午投下長長的影子。)
He grew up in the shadow of his famous brother.
(他在知名哥哥的光環下長大。)"
shallow,"shallow(adj.)淺的、膚淺的
(無詞性變化)
shallow water 淺水
shallow person 膚淺的人
Children should swim in shallow water.
(小孩應該在淺水區游泳。)
It is shallow to judge people only by their looks.
(只憑外表評斷別人是很膚淺的。)"
shampoo,"shampoo(n./v.)洗髮精、洗頭
(無詞性變化)
a bottle of shampoo 一瓶洗髮精
shampoo and conditioner 洗髮精和潤髮乳
I need to buy a new bottle of shampoo.
(我需要買一瓶新的洗髮精。)
She shampoos her hair every night.
(她每天晚上洗頭。)"
shepherd,"shepherd(n.)牧羊人
(無詞性變化)
German shepherd 德國牧羊犬
good shepherd 好牧人
The shepherd led his sheep across the hill.
(牧羊人帶著羊群越過山丘。)
Our neighbor keeps a German shepherd as a guard dog.
(我們的鄰居養了一隻德國牧羊犬當看門狗。)"
shiny,"shiny(adj.)閃亮的、有光澤的
shine(v./n.)發光、光澤
shiny hair 有光澤的頭髮
shiny new car 閃亮的新車
He drove a shiny new car to the party.
(他開著一輛閃亮的新車去參加派對。)
Her long hair is soft and shiny.
(她的長髮柔順又有光澤。)"
shorten,"shorten(v.)縮短、變短
short(adj.)短的
shortly(adv.)不久
shorten the time 縮短時間
shorten a skirt 改短裙子
The new bridge will shorten the travel time.
(新的橋梁將縮短交通時間。)
Please shorten your speech to three minutes.
(請把你的演講縮短到三分鐘。)"
shortly,"shortly(adv.)不久、立刻
short(adj.)短的
shortly after 在……之後不久
shortly before 在……之前不久
The train will arrive shortly.
(火車很快就會到站。)
Shortly after the game started, it began to rain.
(比賽開始後不久就下起雨了。)"
shovel,"shovel(n./v.)鏟子、用鏟子挖
(無詞性變化)
shovel snow 鏟雪
dig with a shovel 用鏟子挖
They shoveled snow off the road in the morning.
(他們早上把路上的雪鏟掉。)
He dug a hole in the garden with a shovel.
(他用鏟子在花園挖了一個洞。)"
shrimp,"shrimp(n.)蝦子
(無詞性變化)
fried shrimp 炸蝦
shrimp fried rice 蝦仁炒飯
I ordered shrimp fried rice for dinner.
(我晚餐點了蝦仁炒飯。)
Some people are allergic to shrimp.
(有些人對蝦子過敏。)"
shrink,"shrink(v.)縮小、縮水、退縮
shrinkage(n.)收縮、縮水
shrink in the wash 洗後縮水
shrink from 逃避、退縮
My new sweater shrank in the wash.
(我的新毛衣洗了之後縮水了。)
The number of farmers in the village continues to shrink.
(村裡的農夫人數持續減少。)"
sigh,"sigh(n./v.)嘆氣、嘆息
(無詞性變化)
sigh of relief 鬆了一口氣
sigh deeply 深深地嘆氣
She breathed a sigh of relief after the exam.
(考完試後她鬆了一口氣。)
He sighed and looked out the window.
(他嘆了一口氣，望向窗外。)"
signal,"signal(n./v.)信號、訊號、發信號
(無詞性變化)
traffic signal 交通號誌
no signal 沒有訊號
There is no phone signal in the mountains.
(山裡沒有手機訊號。)
The coach signaled the players to stop.
(教練示意球員停下來。)"
significant,"significant(adj.)重要的、顯著的、有意義的
significance(n.)重要性、意義
significantly(adv.)顯著地
significant change 重大的改變
significant role 重要的角色
Social media plays a significant role in teenagers' lives.
(社群媒體在青少年的生活中扮演重要角色。)
There has been a significant increase in online shopping.
(網路購物有顯著的增加。)"
silk,"silk(n.)絲、絲綢
silky(adj.)柔滑如絲的
silk scarf 絲巾
Silk Road 絲路
My mother bought a silk scarf in Thailand.
(我媽媽在泰國買了一條絲巾。)
The Silk Road connected China with Europe long ago.
(很久以前，絲路連接了中國與歐洲。)"
similarity,"similarity(n.)相似、相似處
similar(adj.)相似的
similarly(adv.)同樣地
similarity between ……之間的相似處
bear a similarity to 與……相似
There are many similarities between the two languages.
(這兩種語言之間有許多相似處。)
The twins bear a strong similarity to their father.
(這對雙胞胎長得很像他們的父親。)"
sin,"sin(n./v.)罪、罪過、犯罪
sinful(adj.)有罪的
sinner(n.)罪人
commit a sin 犯罪
original sin 原罪
In some religions, lying is considered a sin.
(在某些宗教裡，說謊被視為一種罪。)
It's a sin to waste so much good food.
(浪費這麼多好食物真是罪過。)"
sincere,"sincere(adj.)真誠的、誠摯的
sincerely(adv.)真誠地、誠摯地
sincerity(n.)真誠
sincere apology 誠摯的道歉
sincere thanks 由衷的感謝
Please accept my sincere apology.
(請接受我誠摯的道歉。)
She gave him a sincere smile.
(她給了他一個真誠的微笑。)"
sink,"sink(n./v.)水槽、洗手台、下沉
(無詞性變化)
kitchen sink 廚房水槽
sink to the bottom 沉到底部
Please put the dirty dishes in the sink.
(請把髒碗盤放進水槽。)
The ship hit a rock and began to sink.
(那艘船撞上岩石，開始下沉。)"
sip,"sip(v./n.)啜飲、小口喝
(無詞性變化)
take a sip 喝一小口
sip tea 啜飲茶
She took a sip of hot tea and smiled.
(她喝了一小口熱茶，露出微笑。)
We sat on the balcony sipping coffee.
(我們坐在陽台上慢慢喝咖啡。)"
situation,"situation(n.)情況、處境、形勢
situated(adj.)位於……的
difficult situation 困境
in this situation 在這種情況下
What would you do in this situation?
(在這種情況下你會怎麼做？)
She stayed calm in a difficult situation.
(她在困境中保持冷靜。)"
skate,"skate(v./n.)溜冰、溜冰鞋
skater(n.)溜冰者
skating(n.)溜冰
ice skate 溜冰
roller skates 直排輪鞋
We went ice skating at the mall last weekend.
(上週末我們去購物中心溜冰。)
She skates very well for her age.
(以她的年紀來說，她溜冰溜得很好。)"
ski,"ski(n./v.)滑雪板、滑雪
skier(n.)滑雪者
skiing(n.)滑雪
go skiing 去滑雪
ski resort 滑雪勝地
We plan to go skiing in Japan this winter.
(我們計劃今年冬天去日本滑雪。)
He learned to ski when he was ten.
(他十歲時學會滑雪。)"
skillful,"skillful(adj.)熟練的、有技巧的
skill(n.)技能
skillfully(adv.)熟練地
skillful player 技術純熟的選手
skillful at 擅長……
He is a skillful player on the basketball team.
(他是籃球隊裡技術純熟的球員。)
My grandmother is skillful at making dumplings.
(我奶奶很擅長包水餃。)"
skinny,"skinny(adj.)極瘦的、皮包骨的、緊身的
skin(n.)皮膚
skinny jeans 緊身牛仔褲
tall and skinny 又高又瘦
He was tall and skinny when he was a teenager.
(他青少年時又高又瘦。)
Skinny jeans were very popular a few years ago.
(緊身牛仔褲幾年前非常流行。)"
skip,"skip(v./n.)跳過、略過、蹺(課)、蹦跳
(無詞性變化)
skip class 蹺課
skip breakfast 不吃早餐
It's not healthy to skip breakfast.
(不吃早餐是不健康的。)
If you don't know the answer, skip the question.
(如果你不知道答案，就跳過那一題。)"
slave,"slave(n./v.)奴隸、苦幹
slavery(n.)奴隸制度
slave trade 奴隸買賣
slave to 受……支配的人
Abraham Lincoln worked to free the slaves.
(林肯致力於解放奴隸。)
Don't become a slave to your cell phone.
(不要被你的手機給綁架了。)"
sleeve,"sleeve(n.)袖子
sleeveless(adj.)無袖的
long sleeves 長袖
roll up one's sleeves 捲起袖子、準備大幹一場
It's cold today, so wear a shirt with long sleeves.
(今天很冷，穿件長袖襯衫吧。)
Let's roll up our sleeves and clean the classroom.
(我們捲起袖子來打掃教室吧。)"
slender,"slender(adj.)苗條的、纖細的
(無詞性變化)
slender figure 苗條的身材
slender fingers 纖細的手指
The dancer has a tall, slender figure.
(那位舞者身材高挑苗條。)
She played the piano with her long, slender fingers.
(她用修長纖細的手指彈鋼琴。)"
slice,"slice(n./v.)薄片、一片、切片
(無詞性變化)
a slice of bread 一片麵包
slice the cake 切蛋糕
I had a slice of bread and a cup of milk for breakfast.
(我早餐吃了一片麵包和一杯牛奶。)
My mother sliced the cake into eight pieces.
(我媽媽把蛋糕切成八塊。)"
slippery,"slippery(adj.)滑的、易滑的
slip(v./n.)滑倒、滑
slippery floor 滑溜的地板
slippery road 濕滑的路面
Be careful, the floor is slippery after cleaning.
(小心，地板剛拖過很滑。)
The roads are slippery on rainy days.
(雨天路面很濕滑。)"
slope,"slope(n.)斜坡、坡度
sloping(adj.)傾斜的
steep slope 陡坡
ski slope 滑雪坡道
The house was built on a steep slope.
(那棟房子蓋在陡坡上。)
The children ran down the grassy slope.
(孩子們跑下長滿青草的斜坡。)"
snap,"snap(v./n.)啪地折斷、猛咬、厲聲說、快照
(無詞性變化)
snap one's fingers 彈手指
snap at 厲聲責罵
The branch snapped under his weight.
(樹枝被他的體重壓得啪一聲斷了。)
I'm sorry I snapped at you this morning.
(很抱歉我今天早上對你大聲說話。)"
solid,"solid(adj.)固體的、堅固的、可靠的
solidly(adv.)堅固地
solid food 固體食物
solid evidence 確鑿的證據
Ice is water in a solid state.
(冰是固態的水。)
The police have solid evidence against the man.
(警方握有那名男子的確鑿證據。)"
someday,"someday(adv.)總有一天、將來某天
(無詞性變化)
someday soon 不久的某天
hope to someday 希望有一天
Someday I want to travel around the world.
(總有一天我想環遊世界。)
I hope we can meet again someday.
(我希望有一天我們能再見面。)"
somehow,"somehow(adv.)以某種方式、不知怎麼地
(無詞性變化)
somehow manage 設法做到
somehow or other 不知怎麼地
Somehow, we finished the project on time.
(不知怎麼地，我們準時完成了專題。)
Somehow I feel that something is wrong.
(不知為什麼，我覺得有些不對勁。)"
sometime,"sometime(adv.)某個時候
(無詞性變化)
sometime next week 下週某個時候
sometime soon 近期某時
Let's have lunch together sometime next week.
(我們下週找個時間一起吃午餐吧。)
The package will arrive sometime this afternoon.
(包裹會在今天下午某個時候送到。)"
sorrow,"sorrow(n.)悲傷、哀痛
sorrowful(adj.)悲傷的
deep sorrow 深深的悲傷
to one's sorrow 令某人難過的是
She felt deep sorrow when her dog died.
(她的狗死去時她感到非常悲傷。)
The song is about love and sorrow.
(這首歌是關於愛與哀愁。)"
spaghetti,"spaghetti(n.)義大利麵
(無詞性變化)
spaghetti with meatballs 肉丸義大利麵
cook spaghetti 煮義大利麵
We had spaghetti with tomato sauce for dinner.
(我們晚餐吃了番茄醬汁義大利麵。)
It only takes ten minutes to cook spaghetti.
(煮義大利麵只需要十分鐘。)"
specific,"specific(adj.)明確的、具體的、特定的
specifically(adv.)明確地、特別地
specify(v.)具體說明
specific example 具體的例子
specific purpose 特定目的
Can you give me a specific example?
(你可以給我一個具體的例子嗎？)
The money is for a specific purpose.
(這筆錢有特定用途。)"
spice,"spice(n./v.)香料、調味料、增添趣味
spicy(adj.)辛辣的
spice up 增添趣味
herbs and spices 香草和香料
Indian food uses a lot of spices.
(印度料理使用大量香料。)
A little music can spice up the party.
(一點音樂可以讓派對更熱鬧。)"
spill,"spill(v./n.)灑出、溢出
(無詞性變化)
spill coffee 灑出咖啡
oil spill 漏油事件
I accidentally spilled coffee on my homework.
(我不小心把咖啡灑在作業上。)
The oil spill killed many sea birds.
(漏油事件造成許多海鳥死亡。)"
spin,"spin(n./v.)旋轉、紡紗
(無詞性變化)
spin around 轉來轉去
go for a spin 開車兜風
The dancer spun around on one foot.
(那位舞者單腳旋轉。)
My head is spinning after the long test.
(長時間考試後我的頭昏腦脹。)"
spinach,"spinach(n.)菠菜
(無詞性變化)
fresh spinach 新鮮菠菜
spinach salad 菠菜沙拉
Popeye eats spinach to become strong.
(大力水手吃菠菜變強壯。)
My mom cooks spinach with garlic.
(我媽媽用蒜頭炒菠菜。)"
spit,"spit(v./n.)吐口水、吐出、口水
(無詞性變化)
spit out 吐出來
spit on 對……吐口水
It is rude to spit on the street.
(在街上吐口水很沒禮貌。)
The baby spat out the medicine.
(那個嬰兒把藥吐了出來。)"
spite,"spite(n.)惡意、怨恨
spiteful(adj.)懷恨的
in spite of 儘管
out of spite 出於惡意
In spite of the rain, we still went hiking.
(儘管下雨，我們還是去健行了。)
He broke her pen out of spite.
(他出於惡意弄壞了她的筆。)"
splash,"splash(n./v.)潑水聲、濺、潑
(無詞性變化)
make a splash 引起轟動
splash water 潑水
The kids splashed water at each other in the pool.
(孩子們在游泳池裡互相潑水。)
Her first movie made a big splash.
(她的第一部電影引起很大的轟動。)"
spoil,"spoil(v.)破壞、寵壞、(食物)變壞
spoiled(adj.)被寵壞的、變質的
spoil the fun 掃興
spoil a child 寵壞孩子
The rain spoiled our picnic.
(這場雨破壞了我們的野餐。)
Grandparents often spoil their grandchildren.
(祖父母常常寵壞孫子女。)"
spray,"spray(n./v.)噴霧、噴劑、噴灑
sprayer(n.)噴霧器
hair spray 髮膠噴霧
spray paint 噴漆
Farmers spray their crops to kill insects.
(農夫在農作物上噴藥殺蟲。)
She used some hair spray before the party.
(她在派對前噴了一些髮膠。)"
spy,"spy(n./v.)間諜、暗中監視
(無詞性變化)
spy on 暗中監視
spy movie 間諜片
The man was caught spying for another country.
(那名男子因替他國從事間諜活動被捕。)
I love watching spy movies like James Bond.
(我很喜歡看像〇〇七那樣的間諜片。)"
squeeze,"squeeze(v./n.)擠、榨、緊握
(無詞性變化)
squeeze juice 榨汁
squeeze into 擠進
She squeezed some lemon juice into her tea.
(她在茶裡擠了一些檸檬汁。)
Five of us squeezed into the small car.
(我們五個人擠進那輛小車裡。)"
squirrel,"squirrel(n.)松鼠
(無詞性變化)
red squirrel 紅松鼠
squirrel away 儲藏
A squirrel ran up the tree with a nut.
(一隻松鼠叼著堅果跑上樹。)
We saw many squirrels in the park.
(我們在公園看到很多松鼠。)"
stable,"stable(adj.)穩定的、穩固的
stability(n.)穩定
stabilize(v.)使穩定
stable job 穩定的工作
stable condition 狀況穩定
My father has a stable job at a bank.
(我爸爸在銀行有份穩定的工作。)
The patient is now in stable condition.
(病人現在狀況穩定。)"
stadium,"stadium(n.)體育場、運動場
(無詞性變化)
baseball stadium 棒球場
football stadium 足球場
The baseball stadium was full of fans.
(棒球場坐滿了球迷。)
The concert will be held at the stadium.
(演唱會將在體育場舉行。)"
staff,"staff(n./v.)全體職員、工作人員、配置職員
(無詞性變化)
staff member 職員
teaching staff 教職員
Please ask a staff member if you need help.
(如果需要幫忙，請詢問工作人員。)
The hospital is staffed by many experienced nurses.
(這家醫院配置了許多有經驗的護理師。)"
stale,"stale(adj.)不新鮮的、陳腐的
(無詞性變化)
stale bread 不新鮮的麵包
stale air 不流通的空氣
This bread is stale; let's buy some fresh bread.
(這麵包不新鮮了，我們去買新鮮的吧。)
Open the window to let the stale air out.
(打開窗戶讓悶濁的空氣出去。)"
stare,"stare(v./n.)盯著看、凝視
(無詞性變化)
stare at 盯著看
blank stare 茫然的目光
It is rude to stare at strangers.
(盯著陌生人看是不禮貌的。)
He stared out of the window for a long time.
(他望著窗外看了很久。)"
starve,"starve(v.)挨餓、餓死
starvation(n.)飢餓、餓死
starve to death 餓死
be starving 餓壞了
I'm starving. Let's eat now.
(我快餓死了，我們現在去吃東西吧。)
Many animals starved during the long winter.
(許多動物在漫長的冬季中餓死。)"
statue,"statue(n.)雕像
(無詞性變化)
Statue of Liberty 自由女神像
bronze statue 銅像
We took photos in front of the Statue of Liberty.
(我們在自由女神像前拍照。)
There is a bronze statue in the middle of the park.
(公園中央有一座銅像。)"
steady,"steady(adj./v./adv./n.)穩定的、平穩的、使穩定
steadily(adv.)穩定地
steady progress 穩定的進步
hold steady 保持穩定
She has made steady progress in English this year.
(她今年英文穩定進步。)
Hold the ladder steady while I climb up.
(我爬上去的時候，請把梯子扶穩。)"
steal,"steal(v.)偷竊、偷取
stealing(n.)偷竊
steal from 從……偷東西
steal the show 搶盡風頭
Someone stole my bike outside the library.
(有人在圖書館外偷了我的腳踏車。)
The little dog stole the show at the wedding.
(那隻小狗在婚禮上搶盡風頭。)"
steam,"steam(n./v.)蒸汽、蒸
steamy(adj.)蒸氣瀰漫的
steamed(adj.)蒸的
steamed buns 包子、饅頭
let off steam 發洩情緒
My grandmother steams fish with ginger.
(我奶奶用薑清蒸魚。)
Playing basketball helps me let off steam after exams.
(打籃球幫助我在考試後發洩情緒。)"
steep,"steep(adj.)陡峭的、急劇的
steeply(adv.)陡峭地、急劇地
steep hill 陡峭的山坡
steep rise 急遽上升
We climbed a steep hill to see the sunrise.
(我們爬上陡峭的山坡看日出。)
There has been a steep rise in house prices.
(房價急遽上漲。)"
sticky,"sticky(adj.)黏的、濕熱的
stick(v./n.)黏貼、棍子
sticky rice 糯米
sticky weather 悶熱潮濕的天氣
My hands are sticky after eating the candy.
(吃完糖果後我的手黏黏的。)
Taiwan's summer weather is hot and sticky.
(台灣夏天的天氣又熱又悶濕。)"
stiff,"stiff(adj.)僵硬的、硬的、激烈的
stiffen(v.)變僵硬
stiff neck 脖子僵硬
stiff competition 激烈的競爭
I woke up with a stiff neck this morning.
(我今天早上醒來脖子僵硬。)
There is stiff competition for the scholarship.
(這份獎學金競爭很激烈。)"
sting,"sting(n./v.)刺、螫、刺痛
stinger(n.)螫針
bee sting 蜂螫
sting like 刺痛如……
A bee stung me on the arm.
(一隻蜜蜂螫了我的手臂。)
The smoke made my eyes sting.
(煙讓我的眼睛刺痛。)"
stir,"stir(v./n.)攪拌、激起、騷動
(無詞性變化)
stir the soup 攪拌湯
cause a stir 引起騷動
Stir the soup slowly so it doesn't burn.
(慢慢攪拌湯，以免燒焦。)
The news caused a stir in the school.
(這則消息在學校引起一陣騷動。)"
stitch,"stitch(n./v.)一針、縫線、縫
(無詞性變化)
need stitches 需要縫針
stitch up 縫合
He cut his finger and needed five stitches.
(他割傷手指，需要縫五針。)
A stitch in time saves nine.
(及時縫一針，可省九針；小洞不補，大洞吃苦。)"
stomach,"stomach(n.)胃、肚子
(無詞性變化)
stomachache 胃痛、肚子痛
on an empty stomach 空腹
Don't take this medicine on an empty stomach.
(不要空腹吃這種藥。)
I have a pain in my stomach after eating too fast.
(我吃太快之後肚子痛。)"
stool,"stool(n.)凳子、高腳椅
(無詞性變化)
bar stool 吧台高腳椅
sit on a stool 坐在凳子上
The old man sat on a small stool outside his shop.
(老先生坐在店外的小凳子上。)
We sat on bar stools and ordered drinks.
(我們坐在吧台高腳椅上點飲料。)"
stormy,"stormy(adj.)暴風雨的、激烈的
storm(n./v.)暴風雨
stormy weather 暴風雨天氣
stormy relationship 風波不斷的關係
The boats stayed in the harbor because of the stormy weather.
(因為暴風雨的天氣，船隻都停在港內。)
It was a dark and stormy night.
(那是一個黑暗又狂風暴雨的夜晚。)"
stove,"stove(n.)爐子、火爐
(無詞性變化)
gas stove 瓦斯爐
on the stove 在爐子上
There is a pot of soup on the stove.
(爐子上有一鍋湯。)
Turn off the gas stove before you leave.
(離開前要把瓦斯爐關掉。)"
strategy,"strategy(n.)策略、戰略
strategic(adj.)策略上的、戰略的
learning strategy 學習策略
marketing strategy 行銷策略
Making flashcards is a useful learning strategy.
(做字卡是一種有用的學習策略。)
The coach changed the team's strategy at halftime.
(教練在中場時改變球隊的戰術。)"
straw,"straw(n.)稻草、吸管
(無詞性變化)
plastic straw 塑膠吸管
straw hat 草帽
Many shops no longer give out plastic straws.
(許多店家已不再提供塑膠吸管。)
The farmer wore a straw hat in the sun.
(農夫在太陽下戴著草帽。)"
strength,"strength(n.)力量、力氣、長處
strong(adj.)強壯的
strengthen(v.)加強
strengths and weaknesses 優缺點
physical strength 體力
Everyone has their own strengths and weaknesses.
(每個人都有自己的優缺點。)
He didn't have the strength to lift the box.
(他沒有力氣抬起那個箱子。)"
strip,"strip(n./v.)條、帶、剝去
(無詞性變化)
a strip of paper 一張紙條
comic strip 連環漫畫
Cut the paper into long strips.
(把紙剪成長條。)
He reads the comic strips in the newspaper every day.
(他每天看報紙上的連環漫畫。)"
structure,"structure(n.)結構、建築物
structural(adj.)結構上的
sentence structure 句子結構
family structure 家庭結構
The teacher explained the sentence structure clearly.
(老師清楚地解釋了句子結構。)
Taipei 101 is a tall structure that can resist earthquakes.
(台北一〇一是一棟能抵抗地震的高聳建築。)"
stubborn,"stubborn(adj.)固執的、頑固的
stubbornly(adv.)固執地
stubbornness(n.)固執
stubborn as a mule 非常固執
stubborn child 固執的孩子
My grandfather is as stubborn as a mule.
(我爺爺非常固執。)
The stubborn boy refused to say sorry.
(那個固執的男孩拒絕道歉。)"
studio,"studio(n.)工作室、攝影棚、錄音室
(無詞性變化)
recording studio 錄音室
art studio 畫室
The band recorded their new song in a studio.
(樂團在錄音室錄製新歌。)
She opened an art studio for children.
(她為孩子們開設了一間畫室。)"
stuff,"stuff(n./v.)東西、物品、塞滿
stuffed(adj.)塞滿的、填充的
stuffy(adj.)悶熱的、不通風的
stuffed animal 填充玩偶
pack one's stuff 收拾東西
Please pack your stuff before we leave.
(我們出發前請收拾好你的東西。)
She stuffed her clothes into the small bag.
(她把衣服塞進那個小袋子裡。)"
substance,"substance(n.)物質、實質
substantial(adj.)大量的、實質的
harmful substance 有害物質
illegal substance 違禁物品
Some plastic products contain harmful substances.
(有些塑膠產品含有有害物質。)
His speech lacked substance.
(他的演講缺乏實質內容。)"
subtract,"subtract(v.)減去、扣除
subtraction(n.)減法
subtract A from B 從B減去A
add and subtract 加減
If you subtract 3 from 10, you get 7.
(十減三等於七。)
Young children learn to add and subtract.
(小朋友學習加減法。)"
suburb,"suburb(n.)郊區
suburban(adj.)郊區的
live in the suburbs 住在郊區
quiet suburb 寧靜的郊區
Many families move to the suburbs for cheaper housing.
(許多家庭搬到郊區以找到較便宜的住處。)
They live in a quiet suburb of Taipei.
(他們住在台北一個寧靜的郊區。)"
suck,"suck(v./n.)吸、吸吮
(無詞性變化)
suck one's thumb 吸吮拇指
suck up 吸起
The baby likes to suck his thumb.
(那個嬰兒喜歡吸吮拇指。)
The machine sucks up dust from the floor.
(這台機器把地上的灰塵吸起來。)"
suffer,"suffer(v.)受苦、遭受、患病
suffering(n.)痛苦、苦難
suffer from 受……之苦、患……
suffer a loss 遭受損失
Many people suffer from back pain.
(許多人受背痛之苦。)
The farmers suffered a big loss after the typhoon.
(颱風過後農民遭受巨大損失。)"
sufficient,"sufficient(adj.)足夠的、充分的
sufficiently(adv.)足夠地
sufficiency(n.)充足
sufficient time 足夠的時間
sufficient evidence 充分的證據
We don't have sufficient time to finish the project.
(我們沒有足夠的時間完成這個專題。)
Make sure you get sufficient sleep before the exam.
(考試前要確保睡眠充足。)"
suicide,"suicide(n.)自殺、自毀的行為
suicidal(adj.)想自殺的、自毀的
suicide prevention 自殺防治
political suicide 政治自殺
The school holds talks on suicide prevention every year.
(學校每年舉辦自殺防治講座。)
Skipping the final exam would be academic suicide.
(缺考期末考等於自毀學業。)"
sum,"sum(n./v.)總數、金額、總結
summary(n.)摘要
summarize(v.)總結
a large sum of money 一大筆錢
sum up 總結
He spent a large sum of money on his new phone.
(他花了一大筆錢買新手機。)
Let me sum up the main points of today's lesson.
(讓我總結一下今天課程的重點。)"
summary,"summary(n.)摘要、總結
summarize(v.)總結、摘要
in summary 總之
write a summary 寫摘要
Please write a summary of the story in 100 words.
(請用一百字寫出這個故事的摘要。)
In summary, exercise is good for both body and mind.
(總之，運動對身心都有益。)"
summit,"summit(n.)山頂、高峰、高峰會
(無詞性變化)
reach the summit 登頂
summit meeting 高峰會議
We reached the summit of Jade Mountain at sunrise.
(我們在日出時登上玉山頂峰。)
World leaders met at the summit meeting.
(世界各國領袖在高峰會中會面。)"
superior,"superior(adj./n.)較好的、優越的、上司
superiority(n.)優越
superior to 比……好
immediate superior 直屬上司
This phone is superior to the old model in many ways.
(這支手機在許多方面都比舊型號好。)
You should report the problem to your superior.
(你應該向你的上司報告這個問題。)"
surround,"surround(v.)包圍、圍繞
surroundings(n.)環境
surrounding(adj.)周圍的
be surrounded by 被……圍繞
surrounding area 周遭地區
Taiwan is surrounded by the sea.
(台灣四面環海。)
The singer was surrounded by fans.
(那位歌手被歌迷團團圍住。)"
survey,"survey(n./v.)調查、民調、俯瞰
(無詞性變化)
conduct a survey 進行調查
survey shows 調查顯示
Our class conducted a survey about students' sleep habits.
(我們班進行了一項關於學生睡眠習慣的調查。)
The survey shows that most teens use social media every day.
(調查顯示大部分青少年每天使用社群媒體。)"
survivor,"survivor(n.)倖存者、生還者
survive(v.)存活、倖存
survival(n.)生存
sole survivor 唯一的倖存者
earthquake survivor 地震倖存者
Rescue workers searched for survivors after the earthquake.
(地震後救難人員搜尋倖存者。)
She was the only survivor of the plane crash.
(她是那場墜機事故中唯一的生還者。)"
suspect,"suspect(v./n./adj.)懷疑、嫌疑犯、可疑的
suspicion(n.)懷疑
suspicious(adj.)可疑的
main suspect 主要嫌疑犯
suspect that 懷疑……
The police arrested the main suspect last night.
(警方昨晚逮捕了主要嫌疑犯。)
I suspect that he forgot about the meeting.
(我懷疑他忘了這場會議。)"
suspicion,"suspicion(n.)懷疑、嫌疑
suspect(v./n.)懷疑、嫌疑犯
suspicious(adj.)可疑的
under suspicion 受到懷疑
arouse suspicion 引起懷疑
His strange behavior aroused the guard's suspicion.
(他奇怪的舉動引起警衛的懷疑。)
The new worker is under suspicion of stealing money.
(那位新員工涉嫌偷錢。)"
swan,"swan(n.)天鵝
(無詞性變化)
black swan 黑天鵝
Swan Lake 天鵝湖
Two white swans were swimming on the lake.
(兩隻白天鵝在湖上游著。)
We watched the ballet Swan Lake last night.
(我們昨晚看了芭蕾舞劇《天鵝湖》。)"
swear,"swear(v.)發誓、咒罵
swearing(n.)咒罵、發誓
swear to 對……發誓
swear at 咒罵某人
I swear I didn't tell anyone your secret.
(我發誓我沒有把你的秘密告訴任何人。)
It's rude to swear at other people.
(對別人罵髒話很沒禮貌。)"
sweat,"sweat(n./v.)汗水、流汗
sweaty(adj.)汗濕的
break a sweat 流汗
no sweat 小事一樁
I was covered in sweat after running.
(跑步後我滿身大汗。)
Can you help me move this desk? No sweat.
(你可以幫我搬這張桌子嗎？小事一樁。)"
swell,"swell(v./n.)腫脹、增大、膨脹
swelling(n.)腫脹處
swollen(adj.)腫起來的
swell up 腫起來
swollen ankle 腫脹的腳踝
My ankle began to swell after I fell down.
(我跌倒後腳踝開始腫起來。)
The river swelled after days of heavy rain.
(連日大雨後河水暴漲。)"
swift,"swift(adj.)迅速的、敏捷的
swiftly(adv.)迅速地
swift action 迅速的行動
swift reply 迅速的回覆
Thanks to the firefighters' swift action, no one was hurt.
(多虧消防員迅速行動，沒有人受傷。)
The swift river is dangerous for swimmers.
(湍急的河流對游泳者很危險。)"
sword,"sword(n.)劍、刀
(無詞性變化)
draw a sword 拔劍
double-edged sword 雙面刃
The knight drew his sword to fight the dragon.
(騎士拔劍與龍搏鬥。)
The Internet is a double-edged sword.
(網路是一把雙面刃。)"
