sacrifice,"sacrifice(n./v.)犧牲、祭品、獻祭
(無詞性變化)
make sacrifices 做出犧牲
sacrifice A for B 為了B犧牲A
My parents made many sacrifices for our education.
(我爸媽為了我們的教育做了許多犧牲。)
He sacrificed his free time to help his classmates.
(他犧牲自己的空閒時間來幫助同學。)"
satellite,"satellite(n.)衛星、人造衛星
(無詞性變化)
satellite TV 衛星電視
launch a satellite 發射衛星
Taiwan successfully launched a weather satellite into space.
(台灣成功發射了一枚氣象衛星進入太空。)
The moon is the earth's only natural satellite.
(月球是地球唯一的天然衛星。)"
satisfaction,"satisfaction(n.)滿意、滿足
satisfy(v.)使滿意
satisfactory(adj.)令人滿意的
customer satisfaction 顧客滿意度
job satisfaction 工作滿意度
She felt great satisfaction after finishing the marathon.
(跑完馬拉松後她感到非常滿足。)
The company cares a lot about customer satisfaction.
(這家公司非常重視顧客滿意度。)"
scarcely,"scarcely(adv.)幾乎不、僅僅
scarce(adj.)稀少的、缺乏的
scarcely ever 幾乎從不
scarcely... when 一…就
I could scarcely believe my eyes when I saw the result.
(看到結果時，我簡直不敢相信自己的眼睛。)
We had scarcely arrived when it started to rain.
(我們一到達就開始下雨了。)"
scenery,"scenery(n.)風景、景色
scene(n.)場景、景象
scenic(adj.)風景優美的
beautiful scenery 美麗的風景
enjoy the scenery 欣賞風景
Taroko is famous for its beautiful mountain scenery.
(太魯閣以美麗的山景聞名。)
We stopped the car to enjoy the scenery.
(我們停車欣賞風景。)"
scold,"scold(v./n.)責罵、斥責
scolding(n.)責罵
scold sb. for sth. 因某事責罵某人
get a scolding 挨罵
My mom scolded me for coming home late.
(我媽媽因為我晚回家而罵我。)
He got a scolding from the teacher for sleeping in class.
(他因為上課睡覺被老師罵了一頓。)"
scoop,"scoop(n./v.)勺子、一勺、獨家新聞、舀
(無詞性變化)
a scoop of ice cream 一球冰淇淋
scoop up 舀起、撈起
I'd like two scoops of chocolate ice cream, please.
(請給我兩球巧克力冰淇淋。)
The child scooped up some sand with his hands.
(那孩子用雙手捧起了一些沙子。)"
scratch,"scratch(n./v.)抓痕、擦傷、抓、搔
(無詞性變化)
from scratch 從頭開始
scratch one's head 搔頭、困惑
The cat scratched my arm when I picked it up.
(我抱起貓的時候，牠抓了我的手臂。)
We built the website from scratch.
(我們從零開始建立了這個網站。)"
sculpture,"sculpture(n./v.)雕刻、雕塑品、雕塑
sculptor(n.)雕刻家
stone sculpture 石雕
bronze sculpture 銅雕
The park is full of stone sculptures by local artists.
(公園裡到處都是當地藝術家的石雕作品。)
She studied sculpture at an art school in Italy.
(她在義大利的一所藝術學校學雕塑。)"
secure,"secure(v./adj.)獲得、確保、安全的、穩固的
security(n.)安全、保全
feel secure 感到安心
secure a job 取得一份工作
Children need to feel safe and secure at home.
(孩子們在家需要感到安全和安心。)
She worked hard and finally secured a job at a big company.
(她努力工作，終於在一家大公司謀得職位。)"
seize,"seize(v.)抓住、奪取、沒收
seizure(n.)奪取、沒收
seize the chance 抓住機會
seize power 奪取政權
You should seize the chance to study abroad.
(你應該抓住出國念書的機會。)
The police seized a large amount of drugs.
(警方查獲了大量毒品。)"
settler,"settler(n.)移居者、殖民者、開拓者
settle(v.)定居、解決
settlement(n.)定居地、解決
early settlers 早期移民
European settlers 歐洲移民
Early settlers built their homes near the river.
(早期的移民在河邊建造家園。)
The settlers had to survive the cold winter.
(那些開拓者必須熬過寒冷的冬天。)"
severe,"severe(adj.)嚴重的、嚴厲的、劇烈的
severely(adv.)嚴重地
severity(n.)嚴重性
severe weather 惡劣的天氣
severe pain 劇烈疼痛
The town was hit by a severe storm last night.
(小鎮昨晚遭到強烈暴風雨侵襲。)
He felt a severe pain in his back.
(他感到背部一陣劇痛。)"
sew,"sew(v.)縫、縫製
sewing(n.)縫紉
sew on 縫上
sewing machine 縫紉機
My grandma sewed a button on my shirt.
(我奶奶幫我把鈕扣縫回襯衫上。)
She learned to sew her own clothes.
(她學會自己縫製衣服。)"
shade,"shade(n./v.)陰涼處、遮蔽、色調、遮陽
shady(adj.)陰涼的
in the shade 在陰涼處
shades of 各種色調的
Let's sit in the shade of that big tree.
(我們去那棵大樹的樹蔭下坐吧。)
She shaded her eyes from the bright sun.
(她遮住眼睛擋住刺眼的陽光。)"
shady,"shady(adj.)陰涼的、成蔭的、可疑的
shade(n.)陰涼處
a shady spot 陰涼的地方
shady business 可疑的生意
We found a shady spot under the trees for our picnic.
(我們在樹下找到一個陰涼的地方野餐。)
Don't get involved in his shady business.
(別捲入他那可疑的生意。)"
shameful,"shameful(adj.)可恥的、丟臉的
shame(n.)羞恥
ashamed(adj.)感到羞愧的
shameful behavior 可恥的行為
a shameful secret 不可告人的祕密
Cheating on the test was a shameful thing to do.
(考試作弊是件可恥的事。)
It is shameful to make fun of people in need.
(嘲笑有困難的人是很可恥的。)"
shave,"shave(v./n.)刮(鬍子)、剃
shaver(n.)電動刮鬍刀
shave off 剃掉
a close shave 千鈞一髮
My father shaves every morning before work.
(我爸爸每天早上上班前都會刮鬍子。)
That was a close shave; the car almost hit us.
(真是千鈞一髮，那輛車差點撞到我們。)"
shelter,"shelter(n./v.)庇護所、避難處、遮蔽
(無詞性變化)
animal shelter 動物收容所
take shelter 避難、躲避
We adopted our dog from an animal shelter.
(我們從動物收容所領養了我們的狗。)
People took shelter in the school during the flood.
(水災期間人們在學校避難。)"
shift,"shift(n./v.)輪班、轉變、移動、轉移
(無詞性變化)
night shift 夜班
shift attention 轉移注意力
My mother works the night shift at the hospital.
(我媽媽在醫院上夜班。)
There has been a shift in people's attitudes toward pets.
(人們對寵物的態度已經有所轉變。)"
sightseeing,"sightseeing(n.)觀光、遊覽
sightseer(n.)觀光客
go sightseeing 去觀光
sightseeing tour 觀光行程
We went sightseeing in Tainan last weekend.
(我們上週末去台南觀光。)
The hotel offers a sightseeing tour of the city.
(飯店提供市區觀光行程。)"
signature,"signature(n./adj.)簽名、招牌的、特色的
sign(v.)簽名
signature dish 招牌菜
collect signatures 收集簽名、連署
This beef noodle soup is the restaurant's signature dish.
(這碗牛肉麵是這家餐廳的招牌菜。)
Please put your signature at the bottom of the form.
(請在表格底部簽名。)"
significance,"significance(n.)重要性、意義
significant(adj.)重要的、顯著的
of great significance 非常重要的
historical significance 歷史意義
The temple has great historical significance.
(這座廟有重大的歷史意義。)
Few people understood the significance of his discovery.
(很少人理解他這項發現的重要性。)"
sincerity,"sincerity(n.)真誠、誠意
sincere(adj.)真誠的
sincerely(adv.)真誠地
in all sincerity 非常真誠地
show sincerity 表現誠意
I could feel the sincerity in his apology.
(我能感受到他道歉中的誠意。)
She spoke with great sincerity about her mistakes.
(她非常真誠地談到自己的錯誤。)"
singular,"singular(adj./n.)單數的、非凡的、單數
plural(adj./n.)複數的、複數
singular form 單數形
singular noun 單數名詞
The singular form of 'children' is 'child'.
(children的單數形是child。)
Use a singular verb after 'everyone'.
(在everyone後面要用單數動詞。)"
site,"site(n./v.)地點、場所、網站、設置
(無詞性變化)
construction site 工地
historic site 古蹟
Workers must wear helmets at the construction site.
(工人在工地必須戴安全帽。)
This old fort is one of Tainan's famous historic sites.
(這座古堡是台南著名的古蹟之一。)"
sketch,"sketch(n./v.)素描、草圖、短劇、畫草圖
sketchy(adj.)粗略的
make a sketch 畫素描
sketch out 概述、草擬
The artist made a quick sketch of the old street.
(這位畫家快速畫了一張老街的素描。)
Let me sketch out my plan for the trip.
(讓我大概說明一下我的旅行計畫。)"
skyscraper,"skyscraper(n.)摩天大樓
(無詞性變化)
tall skyscraper 高聳的摩天大樓
build a skyscraper 興建摩天大樓
Taipei 101 was once the tallest skyscraper in the world.
(台北101曾經是世界上最高的摩天大樓。)
The city is full of modern skyscrapers.
(這座城市到處都是現代化的摩天大樓。)"
slight,"slight(adj./n./v.)輕微的、少量的、輕視
slightly(adv.)稍微
a slight change 些微的改變
not in the slightest 一點也不
I have a slight headache today.
(我今天有點頭痛。)
There was a slight change in the schedule.
(行程有些微的變動。)"
slogan,"slogan(n.)標語、口號
(無詞性變化)
advertising slogan 廣告標語
shout slogans 喊口號
The company created a catchy advertising slogan.
(這家公司想出了一句好記的廣告標語。)
The students shouted slogans during the march.
(學生們在遊行中高喊口號。)"
socket,"socket(n.)插座、(眼)窩、凹槽
(無詞性變化)
electric socket 電源插座
eye socket 眼窩
Don't put your fingers into the electric socket.
(不要把手指伸進電源插座裡。)
Please plug the charger into the socket.
(請把充電器插進插座。)"
software,"software(n.)軟體
hardware(n.)硬體
software engineer 軟體工程師
install software 安裝軟體
My cousin works as a software engineer.
(我表哥是一名軟體工程師。)
You need to install new software on your computer.
(你需要在電腦上安裝新的軟體。)"
solar,"solar(adj.)太陽的、太陽能的
(無詞性變化)
solar energy 太陽能
solar system 太陽系
Many homes now use solar energy to make electricity.
(現在許多家庭使用太陽能發電。)
Jupiter is the largest planet in the solar system.
(木星是太陽系中最大的行星。)"
spade,"spade(n.)鏟子、(撲克牌)黑桃
(無詞性變化)
call a spade a spade 直言不諱
the ace of spades 黑桃A
He dug a hole in the garden with a spade.
(他用鏟子在花園裡挖了一個洞。)
She always calls a spade a spade.
(她說話總是直言不諱。)"
spare,"spare(adj./v./n.)空閒的、備用的、撥出、饒恕、備品
(無詞性變化)
spare time 空閒時間
spare tire 備胎
What do you like to do in your spare time?
(你空閒時喜歡做什麼？)
Can you spare a few minutes to help me?
(你能撥出幾分鐘幫我一下嗎？)"
spark,"spark(n./v.)火花、引發、激起
sparkle(v.)閃耀
spark interest 激起興趣
a spark of hope 一線希望
The teacher's story sparked my interest in history.
(老師的故事激起了我對歷史的興趣。)
A small spark can start a big forest fire.
(一點小火花就能引發一場森林大火。)"
spear,"spear(n./v.)矛、長槍、用矛刺
(無詞性變化)
throw a spear 擲矛
spear fishing 魚叉捕魚
Ancient hunters used spears to catch animals.
(古代獵人用矛捕捉動物。)
The fisherman speared a fish in the shallow water.
(漁夫在淺水中用魚叉刺中了一條魚。)"
species,"species(n.)物種、種類(單複數同形)
(無詞性變化)
endangered species 瀕臨絕種的物種
animal species 動物物種
The Formosan black bear is an endangered species.
(台灣黑熊是瀕臨絕種的物種。)
Scientists discovered a new species of frog in the forest.
(科學家在森林裡發現了一種新的青蛙物種。)"
spiritual,"spiritual(adj.)精神的、心靈的、宗教的
spirit(n.)精神、靈魂
spiritual life 精神生活
spiritual leader 精神領袖
Reading poems enriches my spiritual life.
(讀詩豐富了我的精神生活。)
Many people visit the temple for spiritual comfort.
(許多人到廟裡尋求心靈的慰藉。)"
splendid,"splendid(adj.)壯麗的、極好的
splendor(n.)壯麗、輝煌
a splendid view 壯麗的景色
a splendid idea 絕妙的主意
We had a splendid view of the mountains from the hotel.
(我們從飯店可以看到壯麗的山景。)
That's a splendid idea! Let's do it.
(那真是個絕妙的主意！我們就這麼做吧。)"
split,"split(v./n.)分開、分攤、劈開、分裂
(無詞性變化)
split the bill 分攤帳單
split up 分手、分開
Let's split the bill after dinner.
(晚餐後我們來分攤帳單吧。)
The teacher split the class into four groups.
(老師把全班分成四組。)"
sprinkle,"sprinkle(v./n.)灑、撒、少量
sprinkler(n.)灑水器
sprinkle with 撒上…
a sprinkle of 少許…
Sprinkle some sugar on the strawberries.
(在草莓上撒一些糖。)
The gardener sprinkled water on the flowers.
(園丁在花上灑水。)"
stab,"stab(n./v.)刺、戳、刺傷、嘗試
stabbing(adj.)刺痛的
stab sb. in the back 背後捅刀、背叛
have a stab at 嘗試
The man was stabbed in the arm during the fight.
(那名男子在打鬥中手臂被刺傷。)
I've never cooked before, but I'll have a stab at it.
(我從沒煮過飯，但我會試試看。)"
statistic(s),"statistic(n.)統計數字
statistics(n.)統計資料、統計學
statistical(adj.)統計的
official statistics 官方統計資料
according to statistics 根據統計
According to statistics, more people are living alone.
(根據統計，獨居的人越來越多。)
My sister majors in statistics at university.
(我姊姊在大學主修統計學。)"
status,"status(n.)地位、身分、狀態
(無詞性變化)
social status 社會地位
status symbol 身分地位的象徵
In the past, a car was seen as a status symbol.
(過去汽車被視為身分地位的象徵。)
You can check the status of your order online.
(你可以在網路上查詢訂單的狀態。)"
stem,"stem(n./v.)莖、梗、源自、阻止
(無詞性變化)
stem from 起源於、由…造成
stem cell 幹細胞
Cut the flower stems before putting them in water.
(把花放進水裡之前先修剪花莖。)
His fear of water stems from a childhood accident.
(他怕水是源自童年的一次意外。)"
stereo,"stereo(n.)立體音響、立體聲
(無詞性變化)
car stereo 汽車音響
in stereo 以立體聲
He turned up the car stereo and sang along.
(他把車上的音響調大聲，跟著一起唱。)
This old song was recorded in stereo.
(這首老歌是用立體聲錄製的。)"
stingy,"stingy(adj.)小氣的、吝嗇的
(無詞性變化)
stingy with 對…小氣
a stingy boss 吝嗇的老闆
Don't be so stingy; buy your friends a drink.
(別那麼小氣，請你朋友喝杯飲料吧。)
Our stingy boss never gives us a bonus.
(我們那個小氣的老闆從不發獎金給我們。)"
stocking(s),"stocking(n.)長襪
stockings(n.)長襪(複數)
Christmas stocking 聖誕襪
a pair of stockings 一雙長襪
The children hung their Christmas stockings by the fireplace.
(孩子們把聖誕襪掛在壁爐旁。)
She wore a pair of black stockings with her dress.
(她穿洋裝時搭配了一雙黑色長襪。)"
strengthen,"strengthen(v.)加強、增強
strength(n.)力量、長處
strong(adj.)強壯的
strengthen muscles 鍛鍊肌肉
strengthen relationships 加強關係
Swimming can strengthen your muscles.
(游泳可以強化你的肌肉。)
The exchange program strengthened the ties between the two schools.
(這個交換計畫加強了兩校之間的關係。)"
stripe,"stripe(n.)條紋、線條
striped(adj.)有條紋的
black and white stripes 黑白條紋
stars and stripes 星條旗
Zebras have black and white stripes.
(斑馬身上有黑白相間的條紋。)
He wore a shirt with blue stripes.
(他穿著一件藍色條紋襯衫。)"
strive,"strive(v.)努力、奮鬥
strife(n.)衝突
strive for 為…而努力
strive to do 努力做…
We should always strive for excellence.
(我們應該永遠追求卓越。)
She strives to improve her English every day.
(她每天努力提升自己的英文。)"
stroke,"stroke(n./v.)中風、一擊、筆畫、撫摸
(無詞性變化)
a stroke of luck 一次好運
have a stroke 中風
By a stroke of luck, we caught the last train.
(運氣很好，我們趕上了末班火車。)
She gently stroked the cat's back.
(她輕輕撫摸那隻貓的背。)"
submarine,"submarine(n./adj.)潛水艇、海底的
(無詞性變化)
nuclear submarine 核子潛艇
submarine cable 海底電纜
The submarine can stay underwater for months.
(這艘潛水艇可以在水下停留好幾個月。)
A submarine cable carries internet data between countries.
(海底電纜在國家之間傳輸網路資料。)"
sue,"sue(v.)控告、提告
(無詞性變化)
sue sb. for sth. 因某事控告某人
sue for damages 要求損害賠償
The singer sued the magazine for printing lies.
(那位歌手控告雜誌刊登不實內容。)
He threatened to sue the company for damages.
(他揚言要控告那家公司要求賠償。)"
suggestion,"suggestion(n.)建議、暗示
suggest(v.)建議
make a suggestion 提出建議
at one's suggestion 依照某人的建議
Can I make a suggestion about the class trip?
(我可以對班遊提出一個建議嗎？)
At my teacher's suggestion, I joined the debate team.
(依照老師的建議，我參加了辯論社。)"
summarize,"summarize(v.)總結、摘要
summary(n.)摘要
summarize the main points 歸納重點
to summarize 總而言之
Please summarize the story in three sentences.
(請用三句話總結這個故事。)
The teacher summarized the main points at the end of class.
(老師在下課前歸納了重點。)"
surgeon,"surgeon(n.)外科醫生
surgery(n.)手術、外科
plastic surgeon 整形外科醫生
heart surgeon 心臟外科醫生
My uncle is a heart surgeon at a big hospital.
(我舅舅是一家大醫院的心臟外科醫生。)
The surgeon spent five hours on the operation.
(外科醫生花了五個小時進行這場手術。)"
surgery,"surgery(n.)手術、外科
surgeon(n.)外科醫生
surgical(adj.)外科的
have surgery 動手術
plastic surgery 整形手術
My grandpa had surgery on his knee last month.
(我爺爺上個月膝蓋動了手術。)
She is recovering well after the surgery.
(她手術後恢復得很好。)"
surrender,"surrender(v./n.)投降、放棄、交出
(無詞性變化)
surrender to 向…投降
surrender a weapon 交出武器
The enemy soldiers finally surrendered.
(敵軍士兵最後投降了。)
The man was told to surrender his weapon to the police.
(那名男子被要求向警方交出武器。)"
surroundings,"surroundings(n.)環境、周遭事物
surround(v.)圍繞
surrounding(adj.)周圍的
natural surroundings 自然環境
get used to the new surroundings 習慣新環境
It took me a week to get used to my new surroundings.
(我花了一週才習慣新環境。)
The hotel is in beautiful natural surroundings.
(這間飯店位在美麗的自然環境中。)"
suspicious,"suspicious(adj.)可疑的、懷疑的
suspect(v./n.)懷疑、嫌犯
suspicion(n.)懷疑
be suspicious of 懷疑…
suspicious package 可疑包裹
Please report any suspicious package to the police.
(如有任何可疑包裹請向警方報案。)
My mom was suspicious of the stranger's story.
(我媽媽對那個陌生人的說法起了疑心。)"
sway,"sway(n./v.)搖擺、影響、支配
(無詞性變化)
sway in the wind 隨風搖曳
be swayed by 受…左右
The palm trees swayed gently in the wind.
(椰子樹在風中輕輕搖曳。)
Don't be swayed by other people's opinions.
(別被別人的意見左右。)"
syllable,"syllable(n.)音節
(無詞性變化)
stressed syllable 重音節
the first syllable 第一個音節
The word 'banana' has three syllables.
(banana這個字有三個音節。)
Put the stress on the second syllable.
(把重音放在第二個音節。)"
sympathetic,"sympathetic(adj.)同情的、有同理心的、贊同的
sympathy(n.)同情
sympathize(v.)同情
be sympathetic to/toward 對…表示同情
a sympathetic ear 願意傾聽的人
My friend is always sympathetic when I have problems.
(每當我遇到問題，我朋友總是很體諒我。)
The teacher was sympathetic toward the sick student.
(老師很同情那位生病的學生。)"
sympathy,"sympathy(n.)同情、慰問、贊同
sympathetic(adj.)同情的
sympathize(v.)同情
feel sympathy for 同情…
express sympathy 表達慰問
I feel deep sympathy for the families of the victims.
(我對罹難者家屬深表同情。)
We sent a card to express our sympathy.
(我們寄了一張卡片表達慰問。)"
systematic,"systematic(adj.)有系統的、有條理的
system(n.)系統
systematically(adv.)有系統地
a systematic approach 有系統的方法
systematic study 有系統的研究
You need a systematic approach to learning vocabulary.
(你需要一套有系統的方法來學單字。)
The police made a systematic search of the house.
(警方對這棟房子進行了有系統的搜查。)"
technician,"technician(n.)技術人員、技師
technical(adj.)技術的
lab technician 實驗室技術員
computer technician 電腦技術人員
A computer technician came to fix the school's network.
(一位電腦技術人員來修理學校的網路。)
She works as a lab technician at a hospital.
(她在一家醫院擔任檢驗技術員。)"
technological,"technological(adj.)科技的、技術的
technology(n.)科技
technologically(adv.)科技上
technological advances 科技進步
technological changes 科技變革
Technological advances have changed the way we communicate.
(科技進步改變了我們溝通的方式。)
The country is a world leader in technological development.
(這個國家在科技發展方面居世界領先地位。)"
telegraph,"telegraph(n./v.)電報、電報機、打電報
telegram(n.)電報(訊息)
send a telegraph 發電報
telegraph pole 電線桿
In the past, people sent important news by telegraph.
(過去人們用電報傳送重要的消息。)
The telegraph changed long-distance communication forever.
(電報永遠改變了遠距離的通訊方式。)"
telescope,"telescope(n.)望遠鏡
(無詞性變化)
through a telescope 透過望遠鏡
space telescope 太空望遠鏡
We looked at the moon through a telescope.
(我們透過望遠鏡觀察月亮。)
The space telescope sent back amazing pictures of distant stars.
(太空望遠鏡傳回了遙遠星星的驚人照片。)"
tendency,"tendency(n.)傾向、趨勢
tend(v.)傾向於
have a tendency to 有…的傾向
a growing tendency 日益增加的趨勢
He has a tendency to talk too much when he is nervous.
(他緊張時容易話太多。)
There is a growing tendency for young people to shop online.
(年輕人上網購物的趨勢日益增加。)"
tense,"tense(adj./v.)緊張的、拉緊的、使緊張
tension(n.)緊張
tense(n.)(文法)時態
tense up 緊繃起來
a tense moment 緊張的時刻
Everyone was tense before the final exam results came out.
(期末考成績公布前，每個人都很緊張。)
His shoulders tensed up when he heard his name.
(聽到自己的名字時，他的肩膀緊繃了起來。)"
tension,"tension(n.)緊張、緊張局勢、拉力
tense(adj.)緊張的
ease tension 緩和緊張
tension between 之間的緊張關係
A good joke can help ease the tension in the room.
(一個好笑話能幫助緩和房間裡的緊張氣氛。)
There is growing tension between the two countries.
(兩國之間的緊張局勢日益升高。)"
terror,"terror(n.)恐懼、恐怖、恐怖行動
terrify(v.)使恐懼
terrorist(n.)恐怖分子
in terror 驚恐地
a reign of terror 恐怖統治
The children screamed in terror when the lights went out.
(燈熄滅時，孩子們驚恐地尖叫。)
People lived in terror during the war.
(戰爭期間人們生活在恐懼之中。)"
theme,"theme(n.)主題、題目
(無詞性變化)
theme park 主題樂園
theme song 主題曲
We spent the whole day at a theme park.
(我們在主題樂園玩了一整天。)
The theme of this year's school play is friendship.
(今年校園話劇的主題是友誼。)"
thorough,"thorough(adj.)徹底的、仔細的
thoroughly(adv.)徹底地
a thorough check 徹底的檢查
thorough research 詳盡的研究
The mechanic gave my car a thorough check.
(技師把我的車徹底檢查了一遍。)
She is very thorough in everything she does.
(她做每件事都非常仔細。)"
thoughtful,"thoughtful(adj.)體貼的、深思的
thought(n.)想法
thoughtfully(adv.)體貼地、沉思地
a thoughtful gift 貼心的禮物
It's thoughtful of you 你真體貼
It was thoughtful of you to bring me some soup.
(你帶湯來給我真是太體貼了。)
He gave me a thoughtful look before answering.
(他回答之前若有所思地看了我一眼。)"
tickle,"tickle(v./n.)搔癢、使發癢、逗樂
ticklish(adj.)怕癢的
tickle sb. 搔某人癢
be tickled pink 非常高興
My little sister laughed when I tickled her feet.
(我搔妹妹的腳底時，她笑了起來。)
The wool sweater tickles my neck.
(這件羊毛衣讓我的脖子發癢。)"
timetable,"timetable(n.)時刻表、時間表、課表
(無詞性變化)
train timetable 火車時刻表
school timetable 課表
Check the train timetable before you leave.
(出發前先查一下火車時刻表。)
According to our school timetable, we have PE on Tuesday.
(根據課表，我們星期二有體育課。)"
timid,"timid(adj.)膽小的、害羞的
timidly(adv.)膽怯地
a timid smile 靦腆的微笑
timid animal 膽小的動物
The timid boy was afraid to speak in front of the class.
(那個膽小的男孩不敢在全班面前說話。)
Rabbits are timid animals.
(兔子是膽小的動物。)"
tolerable,"tolerable(adj.)可忍受的、尚可的
tolerate(v.)忍受
intolerable(adj.)無法忍受的
tolerable pain 可忍受的疼痛
a tolerable level 可以接受的程度
The pain was tolerable after I took the medicine.
(吃了藥之後，疼痛變得可以忍受。)
The food at the hotel was tolerable but not great.
(飯店的食物還過得去，但不算好。)"
tolerance,"tolerance(n.)寬容、容忍、耐受力
tolerant(adj.)寬容的
tolerate(v.)容忍
religious tolerance 宗教包容
zero tolerance 零容忍
We should show tolerance toward people with different opinions.
(我們應該對意見不同的人展現包容。)
The school has zero tolerance for bullying.
(學校對霸凌採取零容忍態度。)"
tolerant,"tolerant(adj.)寬容的、容忍的、耐…的
tolerance(n.)寬容
tolerate(v.)容忍
be tolerant of 容忍…
drought-tolerant 耐旱的
My parents are tolerant of my strange hobbies.
(我爸媽對我奇怪的嗜好很包容。)
Cactuses are drought-tolerant plants.
(仙人掌是耐旱的植物。)"
tolerate,"tolerate(v.)容忍、忍受
tolerance(n.)寬容
tolerable(adj.)可忍受的
tolerate noise 忍受噪音
won't tolerate 不容許
I can't tolerate the noise from the construction site anymore.
(我再也受不了工地傳來的噪音了。)
Our teacher will not tolerate cheating.
(我們老師絕不容許作弊。)"
tomb,"tomb(n.)墳墓、墓穴
tombstone(n.)墓碑
ancient tomb 古墓
Tomb Sweeping Day 清明節
Archaeologists discovered an ancient tomb in Egypt.
(考古學家在埃及發現了一座古墓。)
People visit their family tombs on Tomb Sweeping Day.
(人們在清明節去掃墓。)"
tortoise,"tortoise(n.)陸龜、烏龜
(無詞性變化)
the tortoise and the hare 龜兔賽跑
giant tortoise 巨龜
The story of the tortoise and the hare teaches us to keep going.
(龜兔賽跑的故事告訴我們要堅持下去。)
Giant tortoises can live for more than 100 years.
(巨龜可以活超過一百年。)"
torture,"torture(n./v.)折磨、拷問、酷刑
(無詞性變化)
be tortured by 受…折磨
sheer torture 純粹的折磨
Waiting for the test results was sheer torture.
(等待考試結果簡直是種折磨。)
The prisoner was tortured by the guards.
(那名囚犯遭到警衛拷打。)"
tragedy,"tragedy(n.)悲劇、慘事
tragic(adj.)悲劇的
a terrible tragedy 可怕的悲劇
end in tragedy 以悲劇收場
Romeo and Juliet is a famous tragedy by Shakespeare.
(《羅密歐與茱麗葉》是莎士比亞著名的悲劇。)
The trip ended in tragedy when their car crashed.
(他們的車子出事，這趟旅程以悲劇收場。)"
tragic,"tragic(adj.)悲慘的、悲劇的
tragedy(n.)悲劇
tragically(adv.)悲慘地
a tragic accident 悲慘的意外
tragic hero 悲劇英雄
Three people died in the tragic accident.
(有三人在這起悲慘的意外中喪生。)
The movie has a tragic ending.
(這部電影有個悲傷的結局。)"
transfer,"transfer(n./v.)轉移、轉學、轉帳、轉乘
(無詞性變化)
transfer to 轉到…
bank transfer 銀行轉帳
She transferred to a new school in Taichung.
(她轉學到台中的一所新學校。)
You need to transfer to another train at Taipei Station.
(你需要在台北車站轉乘另一班火車。)"
transform,"transform(v.)轉變、改變、改造
transformation(n.)轉變
transform A into B 把A轉變成B
completely transform 徹底改變
The old factory was transformed into a museum.
(那座舊工廠被改造成一間博物館。)
Smartphones have transformed the way we live.
(智慧型手機徹底改變了我們的生活方式。)"
translate,"translate(v.)翻譯、轉化
translation(n.)翻譯
translator(n.)譯者
translate A into B 把A翻譯成B
translate into action 付諸行動
Can you translate this sentence into English?
(你可以把這個句子翻譯成英文嗎？)
It's time to translate our ideas into action.
(該是把我們的想法付諸行動的時候了。)"
translation,"translation(n.)翻譯、譯文
translate(v.)翻譯
translator(n.)譯者
in translation 以譯本形式
machine translation 機器翻譯
I read the Japanese novel in translation.
(我讀的是那本日本小說的譯本。)
Machine translation is getting better every year.
(機器翻譯一年比一年進步。)"
translator,"translator(n.)譯者、翻譯員
translate(v.)翻譯
translation(n.)翻譯
professional translator 專業譯者
work as a translator 擔任翻譯
My aunt works as a translator for a publishing company.
(我阿姨在一家出版社擔任翻譯。)
A good translator must understand both cultures well.
(好的譯者必須對兩種文化都很了解。)"
transportation,"transportation(n.)交通運輸、交通工具
transport(v./n.)運輸
public transportation 大眾運輸
means of transportation 交通工具
Taking public transportation helps reduce air pollution.
(搭乘大眾運輸有助於減少空氣汙染。)
The bicycle is a cheap means of transportation.
(腳踏車是一種便宜的交通工具。)"
tremble,"tremble(v./n.)發抖、顫抖、搖晃
(無詞性變化)
tremble with fear 嚇得發抖
tremble with cold 冷得發抖
The little girl was trembling with fear in the dark.
(那個小女孩在黑暗中嚇得發抖。)
The ground trembled during the earthquake.
(地震時地面搖晃了起來。)"
tremendous,"tremendous(adj.)巨大的、極好的
tremendously(adv.)非常地
a tremendous amount of 大量的…
tremendous success 極大的成功
The project took a tremendous amount of time and effort.
(這個專案花了極大量的時間與心力。)
The concert was a tremendous success.
(這場音樂會非常成功。)"
tribal,"tribal(adj.)部落的、種族的
tribe(n.)部落
tribal culture 部落文化
tribal leader 部落領袖
We learned about tribal culture during our trip to Hualien.
(我們在花蓮旅行時認識了部落文化。)
The tribal leader welcomed the visitors with a song.
(部落領袖用一首歌歡迎訪客。)"
triumph,"triumph(n./v.)勝利、成功、獲勝
triumphant(adj.)勝利的、得意洋洋的
in triumph 得意洋洋地
triumph over 戰勝…
The team returned home in triumph.
(這支隊伍凱旋歸來。)
She triumphed over many difficulties to become a doctor.
(她克服了許多困難，成為一名醫生。)"
troublesome,"troublesome(adj.)麻煩的、令人苦惱的
trouble(n./v.)麻煩
a troublesome problem 棘手的問題
troublesome neighbor 惹人厭的鄰居
Filling out all these forms is really troublesome.
(填寫這麼多表格真的很麻煩。)
The troublesome cough kept me awake all night.
(惱人的咳嗽讓我整晚睡不著。)"
tumble,"tumble(v./n.)跌倒、滾落、暴跌
(無詞性變化)
tumble down 跌落、倒塌
take a tumble 跌一跤
The boy tumbled down the stairs but wasn't hurt.
(男孩從樓梯上跌下來，但沒有受傷。)
Stock prices tumbled after the bad news.
(壞消息傳出後股價暴跌。)"
twig,"twig(n.)細枝、嫩枝
(無詞性變化)
dry twigs 乾樹枝
a twig snaps 樹枝折斷
We gathered dry twigs to start a campfire.
(我們收集乾樹枝來生營火。)
A bird was building its nest with small twigs.
(一隻鳥正用小樹枝築巢。)"
universal,"universal(adj./n.)普遍的、全世界的、通用的、普遍原則
universe(n.)宇宙
universally(adv.)普遍地
universal language 共通的語言
universal truth 普世真理
Music is often called a universal language.
(音樂常被稱為共通的語言。)
Smiling is a universal way to show friendliness.
(微笑是全世界表達友善的共通方式。)"
urge,"urge(n./v.)強烈慾望、衝動、力勸、催促
urgent(adj.)緊急的
urge sb. to do 力勸某人做…
have an urge to 有股…的衝動
The doctor urged him to stop smoking.
(醫生力勸他戒菸。)
I had a sudden urge to eat ice cream.
(我突然很想吃冰淇淋。)"
urgent,"urgent(adj.)緊急的、急迫的
urgency(n.)緊急
urgently(adv.)緊急地
urgent matter 緊急的事
in urgent need of 迫切需要
I have an urgent matter to discuss with you.
(我有一件緊急的事要和你討論。)
The flood victims are in urgent need of food and water.
(水災災民迫切需要食物和飲水。)"
usage,"usage(n.)用法、使用、使用量
use(v./n.)使用
word usage 字詞用法
water usage 用水量
This dictionary explains the usage of each word clearly.
(這本字典清楚說明每個字的用法。)
We should try to reduce our water usage in summer.
(我們夏天應該設法減少用水量。)"
