ecological,"ecological(adj.)生態的、生態學的
ecology(n.)生態
ecologist(n.)生態學家
ecological balance 生態平衡
ecological disaster 生態浩劫
Cutting down too many trees can upset the ecological balance of a region.
(砍伐過多樹木會破壞一個地區的生態平衡。)
The oil spill was described as an ecological disaster for the coastline.
(這起漏油事件被形容為海岸線的一場生態浩劫。)"
ecology,"ecology(n.)生態、生態學
ecological(adj.)生態的
ecologist(n.)生態學家
marine ecology 海洋生態
the ecology of 的生態
She plans to study marine ecology at a university in Taiwan.
(她打算在台灣的大學研究海洋生態。)
Building the new road could seriously damage the ecology of the wetland.
(興建新道路可能會嚴重破壞濕地的生態。)"
ecosystem,"ecosystem(n.)生態系統
(無詞性變化)
marine ecosystem 海洋生態系
fragile ecosystem 脆弱的生態系統
Coral reefs are among the most diverse ecosystems on Earth.
(珊瑚礁是地球上最多樣化的生態系統之一。)
Introducing foreign species can harm a fragile ecosystem.
(引進外來物種可能會危害脆弱的生態系統。)"
ego,"ego(n.)自我、自尊心、自負
egoism(n.)自我中心
boost one's ego 增強自信、滿足虛榮心
a big ego 自負、自我膨脹
Winning the award gave his ego a big boost.
(得獎讓他的自尊心大大提升。)
It's hard to work with someone who has such a big ego.
(和一個那麼自負的人共事很困難。)"
elaborate,"elaborate(adj./v.)精心製作的、詳盡的、詳細說明
elaboration(n.)詳盡說明
elaborate on 詳細說明…
an elaborate plan 精心策劃的計畫
Could you elaborate on your idea a little more?
(你可以再詳細說明一下你的想法嗎？)
The students prepared an elaborate costume for the school play.
(學生們為校園話劇準備了一套精心製作的服裝。)"
eligible,"eligible(adj.)有資格的、合格的
eligibility(n.)資格
be eligible for 有資格獲得…
be eligible to vote 有投票資格
Students with good grades are eligible for the scholarship.
(成績優良的學生有資格申請這項獎學金。)
In Taiwan, citizens over the age of 18 are eligible to vote in referendums.
(在台灣，年滿十八歲的公民有資格在公投中投票。)"
eloquent,"eloquent(adj.)雄辯的、有說服力的、口才好的
eloquence(n.)口才、雄辯
eloquently(adv.)雄辯地
an eloquent speaker 口才很好的講者
an eloquent speech 動人的演說
The eloquent speaker kept the audience's attention for an hour.
(那位口才極好的講者吸引聽眾注意力長達一小時。)
Her eloquent speech persuaded many people to donate money.
(她動人的演說說服了許多人捐款。)"
embrace,"embrace(v./n.)擁抱、欣然接受、包含
(無詞性變化)
embrace change 擁抱改變
a warm embrace 溫暖的擁抱
Young people tend to embrace new technology quickly.
(年輕人往往很快就接受新科技。)
The mother held her son in a warm embrace at the airport.
(母親在機場給了兒子一個溫暖的擁抱。)"
emission,"emission(n.)排放、排放物
emit(v.)排放、散發
carbon emissions 碳排放
reduce emissions 減少排放
Many countries have promised to reduce carbon emissions by 2050.
(許多國家已承諾在2050年前減少碳排放。)
Electric cars produce no exhaust emissions while driving.
(電動車行駛時不會產生廢氣排放。)"
endorse(ment),"endorse(v.)支持、贊同、代言、背書、endorsement(n.)支持、代言
(無詞性變化)
celebrity endorsement 名人代言
endorse a product 為產品代言
The famous athlete was paid millions to endorse the sports shoes.
(那位知名運動員收了數百萬元為這款運動鞋代言。)
The plan won the endorsement of most teachers and parents.
(這項計畫獲得了大多數老師和家長的支持。)"
enterprise,"enterprise(n.)企業、事業、進取心
enterprising(adj.)有進取心的
private enterprise 私人企業
small and medium enterprises 中小企業
Small and medium enterprises play an important role in Taiwan's economy.
(中小企業在台灣經濟中扮演重要角色。)
Starting her own bakery was a risky enterprise.
(開自己的麵包店是一項有風險的事業。)"
enthusiastic,"enthusiastic(adj.)熱心的、熱情的
enthusiasm(n.)熱忱
enthusiastically(adv.)熱情地
be enthusiastic about 對…熱衷
an enthusiastic welcome 熱烈的歡迎
He is very enthusiastic about joining the school's robotics club.
(他非常熱衷於加入學校的機器人社。)
The exchange students received an enthusiastic welcome from our class.
(交換學生受到我們班熱烈的歡迎。)"
entitle,"entitle(v.)給…權利、使有資格、給…命名
entitlement(n.)權利
be entitled to 有權…
a book entitled 一本名為…的書
All employees are entitled to two weeks of paid vacation.
(所有員工都有權享有兩週的帶薪假。)
She wrote a book entitled 'Growing Up in Taipei'.
(她寫了一本名為《在台北長大》的書。)"
entity,"entity(n.)實體、存在物
(無詞性變化)
legal entity 法人
separate entity 獨立的個體
The two companies merged but remain separate legal entities.
(這兩家公司合併了，但仍是各自獨立的法人。)
The school library operates as a separate entity from the main office.
(學校圖書館是獨立於行政辦公室的單位。)"
entrepreneur,"entrepreneur(n.)企業家、創業者
entrepreneurial(adj.)有創業精神的
entrepreneurship(n.)創業精神
young entrepreneur 年輕創業家
successful entrepreneur 成功的企業家
The young entrepreneur started her online business while still in college.
(這位年輕創業家在大學時期就開始經營網路生意。)
Many successful entrepreneurs failed several times before they succeeded.
(許多成功的企業家在成功之前都失敗過好幾次。)"
envious,"envious(adj.)羨慕的、嫉妒的
envy(n./v.)羨慕、嫉妒
be envious of 羨慕…
envious eyes 羨慕的眼光
Many classmates were envious of her perfect test scores.
(許多同學都很羨慕她完美的考試成績。)
He looked at his friend's new bike with envious eyes.
(他用羨慕的眼光看著朋友的新腳踏車。)"
envision,"envision(v.)想像、展望、預想
vision(n.)願景、視力
envision a future 展望未來
envision doing 設想做…
The mayor envisions a city where everyone can ride bikes safely.
(市長展望一個人人都能安全騎腳踏車的城市。)
I never envisioned myself becoming a teacher.
(我從沒想過自己會成為一名老師。)"
epidemic,"epidemic(n./adj.)流行病、傳染病、流行的
(無詞性變化)
flu epidemic 流感疫情
an epidemic of 某事的大量蔓延
The government took quick action to stop the flu epidemic.
(政府迅速採取行動遏止流感疫情。)
Some experts say there is an epidemic of loneliness among young people.
(有些專家說孤獨感正在年輕人之間蔓延。)"
episode,"episode(n.)(連續劇)一集、插曲、一段經歷
(無詞性變化)
the latest episode 最新一集
an unpleasant episode 不愉快的經歷
I can't wait to watch the latest episode of the drama tonight.
(我等不及今晚要看這部連續劇的最新一集。)
She wanted to forget that embarrassing episode in junior high school.
(她想忘掉國中時那段尷尬的經歷。)"
equation,"equation(n.)方程式、等式、綜合考量
equate(v.)把…視為同等
solve an equation 解方程式
the other side of the equation 問題的另一面
The students learned how to solve equations with two unknowns.
(學生們學習如何解二元方程式。)
Money is only one part of the equation when choosing a job.
(選擇工作時，薪水只是考量的一部分。)"
equity,"equity(n.)公平、公正、股權
equitable(adj.)公平的
gender equity 性別平等
educational equity 教育公平
The government is working to improve educational equity in rural areas.
(政府正努力提升偏鄉地區的教育公平。)
Gender equity in the workplace is still a goal for many countries.
(職場的性別平等仍是許多國家努力的目標。)"
equivalent,"equivalent(n./adj.)相等物、對等詞、相等的
equivalence(n.)相等
be equivalent to 相當於…
the equivalent of 相當於…的東西
One U.S. dollar is roughly equivalent to thirty New Taiwan dollars.
(一美元大約相當於三十元新台幣。)
There is no exact English equivalent for this Chinese idiom.
(這句中文成語沒有完全對等的英文說法。)"
erect,"erect(v./adj.)豎立、建造、直立的
erection(n.)建造、豎立
erect a statue 豎立雕像
stand erect 挺直站立
The city erected a statue in honor of the brave firefighters.
(市政府豎立了一座雕像來紀念英勇的消防員。)
The soldiers stood erect as the national anthem was played.
(播放國歌時，士兵們挺直站立。)"
errand,"errand(n.)差事、跑腿
(無詞性變化)
run errands 跑腿、辦雜事
on an errand 外出辦事
I have to run some errands for my mom after school.
(放學後我得幫我媽媽跑腿辦點事。)
My father went out on an errand and will be back soon.
(我爸爸出門辦事了，很快就回來。)"
erupt,"erupt(v.)(火山)爆發、突然發生
eruption(n.)爆發
volcano erupts 火山爆發
erupt into 突然爆發成…
The volcano erupted suddenly, forcing thousands of people to leave.
(火山突然爆發，迫使數千人撤離。)
The crowd erupted into cheers when the team scored the winning goal.
(球隊踢進致勝球時，群眾爆出歡呼聲。)"
escalator,"escalator(n.)電扶梯
escalate(v.)逐步升級
take the escalator 搭電扶梯
stand on the right of the escalator 站在電扶梯右側
In Taipei MRT stations, people usually stand on the right side of the escalator.
(在台北捷運站，人們通常站在電扶梯的右側。)
Please hold the handrail when you take the escalator.
(搭電扶梯時請握緊扶手。)"
essence,"essence(n.)本質、精髓、精華
essential(adj.)必要的、本質的
in essence 本質上
the essence of 的精髓
In essence, the two plans are almost the same.
(本質上，這兩個計畫幾乎一樣。)
Kindness is the essence of true friendship.
(善良是真正友誼的精髓。)"
estate,"estate(n.)地產、財產、莊園
(無詞性變化)
real estate 房地產
estate agent 房屋仲介
Real estate prices in Taipei are among the highest in Taiwan.
(台北的房地產價格是全台最高之一。)
The old man left his entire estate to his only grandson.
(那位老人把所有財產都留給了他唯一的孫子。)"
eternal,"eternal(adj.)永恆的、永遠的
eternity(n.)永恆
eternally(adv.)永遠地
eternal love 永恆的愛
eternal life 永生
The couple promised each other eternal love on their wedding day.
(這對新人在婚禮上互許永恆的愛。)
The poem describes the eternal beauty of nature.
(這首詩描寫大自然永恆的美。)"
ethic(s),"ethic(n.)倫理、道德觀
ethics(n.)倫理學、道德規範
ethical(adj.)道德的
work ethic 職業道德、敬業精神
medical ethics 醫學倫理
Her strong work ethic earned her a quick promotion.
(她強烈的敬業精神讓她很快就升遷了。)
The use of AI in schools raises many questions about ethics.
(在學校使用人工智慧引發了許多倫理問題。)"
ethical,"ethical(adj.)道德的、倫理的、合乎道德的
ethics(n.)倫理
ethically(adv.)合乎道德地
ethical issue 倫理議題
ethical behavior 合乎道德的行為
Cloning humans raises serious ethical issues.
(複製人引發了嚴重的倫理議題。)
Many consumers prefer to buy from companies with ethical practices.
(許多消費者偏好向經營合乎道德的公司購買商品。)"
evolution,"evolution(n.)演化、進化、發展
evolve(v.)演化
evolutionary(adj.)演化的
the theory of evolution 演化論
the evolution of 的發展
Darwin is famous for his theory of evolution.
(達爾文以他的演化論聞名。)
The museum shows the evolution of the telephone over the past century.
(這間博物館展示了過去一世紀以來電話的演變。)"
evolve,"evolve(v.)演化、逐步發展
evolution(n.)演化
evolve from 從…演化而來
evolve into 發展成…
Scientists believe that birds evolved from dinosaurs.
(科學家相信鳥類是從恐龍演化而來的。)
Their small online shop has evolved into a large company.
(他們的小網店已經發展成一家大公司。)"
exaggeration,"exaggeration(n.)誇張、誇大
exaggerate(v.)誇張、誇大
without exaggeration 毫不誇張地說
a slight exaggeration 有點誇張
It is no exaggeration to say that he is the best player on the team.
(毫不誇張地說，他是隊上最好的球員。)
Saying the test was impossible is a bit of an exaggeration.
(說這次考試根本不可能考好，有點誇張了。)"
exceed,"exceed(v.)超過、超出
excess(n.)過量
excessive(adj.)過度的
exceed the speed limit 超速
exceed expectations 超出預期
Drivers who exceed the speed limit will be fined.
(超速的駕駛人將會被罰款。)
The results of the experiment exceeded our expectations.
(實驗結果超出了我們的預期。)"
exceptional,"exceptional(adj.)傑出的、優秀的、例外的
exception(n.)例外
exceptionally(adv.)特別地、異常地
exceptional talent 過人的天賦
exceptional circumstances 特殊情況
The young violinist showed exceptional talent at an early age.
(那位年輕小提琴家從小就展現出過人的天賦。)
Late homework will only be accepted in exceptional circumstances.
(只有在特殊情況下才會接受遲交的作業。)"
excessive,"excessive(adj.)過度的、過多的
excess(n.)過量
excessively(adv.)過度地
excessive use 過度使用
excessive drinking 過度飲酒
Excessive use of smartphones may harm your eyesight.
(過度使用智慧型手機可能會損害視力。)
The restaurant charged an excessive price for a simple bowl of noodles.
(那家餐廳一碗簡單的麵卻收取過高的價格。)"
exclaim,"exclaim(v.)驚叫、呼喊
exclamation(n.)驚嘆、感嘆詞
exclaim in surprise 驚訝地叫出來
exclamation mark 驚嘆號
'What a beautiful view!' she exclaimed when she reached the top of the mountain.
(她登上山頂時驚呼：「好美的景色！」)
The children exclaimed in delight when they saw the snow.
(孩子們看到雪時開心地大叫。)"
exclude,"exclude(v.)排除、不包括
exclusion(n.)排除
exclusive(adj.)獨有的
be excluded from 被排除在…之外
excluding tax 不含稅
No student should be excluded from school activities because of their background.
(任何學生都不應因為背景而被排除在學校活動之外。)
The price of the hotel room is three thousand dollars, excluding tax.
(這間飯店房間的價格是三千元，不含稅。)"
exclusive,"exclusive(adj.)獨有的、獨家的、高級的
exclusively(adv.)專門地、獨家地
exclude(v.)排除
exclusive interview 獨家專訪
mutually exclusive 互相排斥的
The magazine published an exclusive interview with the famous director.
(那本雜誌刊登了對這位知名導演的獨家專訪。)
Studying hard and having fun are not mutually exclusive.
(用功讀書和享受樂趣並不互相衝突。)"
execute,"execute(v.)執行、實行、處決
execution(n.)執行、處決
executive(n.)主管
execute a plan 執行計畫
be executed for 因…被處決
The team executed the plan perfectly and won the game.
(球隊完美執行計畫並贏得比賽。)
In the past, people could be executed for stealing bread.
(在過去，偷麵包的人可能會被處決。)"
execution,"execution(n.)執行、實施、死刑
execute(v.)執行、處決
executioner(n.)行刑者
the execution of a plan 計畫的執行
public execution 公開處決
Good ideas are useless without careful execution.
(好點子若沒有周詳的執行就毫無用處。)
Public executions were common in Europe hundreds of years ago.
(幾百年前，公開處決在歐洲很常見。)"
executive,"executive(n./adj.)主管、行政官、執行的、行政的
execute(v.)執行
chief executive officer (CEO) 執行長
executive power 行政權
She became the chief executive officer of the company at age thirty-five.
(她三十五歲時就成為了這家公司的執行長。)
The Executive Yuan is responsible for carrying out government policies.
(行政院負責執行政府政策。)"
exile,"exile(n./v.)流亡、放逐、流亡者、流放
(無詞性變化)
in exile 流亡中
be exiled to 被流放到…
The writer lived in exile for twenty years before returning home.
(那位作家流亡了二十年才回到故鄉。)
Napoleon was exiled to a small island in the Atlantic Ocean.
(拿破崙被流放到大西洋上的一座小島。)"
exotic,"exotic(adj./n.)異國風情的、外來的、外來品種
(無詞性變化)
exotic food 異國料理
exotic species 外來物種
We tried some exotic food at the night market, like crocodile meat.
(我們在夜市嘗試了一些異國食物，例如鱷魚肉。)
Exotic species can be a serious threat to local wildlife.
(外來物種可能對當地野生動物造成嚴重威脅。)"
expedition,"expedition(n.)遠征、探險、探險隊
(無詞性變化)
go on an expedition 去探險
a scientific expedition 科學考察
The team went on an expedition to the South Pole last winter.
(這支隊伍去年冬天前往南極探險。)
The scientific expedition discovered several new kinds of plants.
(這次科學考察發現了好幾種新的植物。)"
expertise,"expertise(n.)專業知識、專長
expert(n./adj.)專家、熟練的
technical expertise 技術專長
lack the expertise 缺乏專業知識
The project needs someone with expertise in computer programming.
(這個專案需要具備電腦程式設計專長的人。)
We lack the expertise to repair the machine ourselves.
(我們缺乏自己修理這台機器的專業知識。)"
explicit,"explicit(adj.)明確的、清楚的、露骨的
explicitly(adv.)明確地
explicit instructions 明確的指示
explicit content 露骨的內容
The teacher gave us explicit instructions about the project.
(老師給了我們關於這份報告明確的指示。)
This movie is not suitable for children because of its explicit content.
(這部電影因為內容露骨，不適合兒童觀看。)"
exploit,"exploit(v./n.)剝削、利用、開發、功績
exploitation(n.)剝削、開發
exploit workers 剝削勞工
exploit natural resources 開發天然資源
Some companies exploit workers by paying them very low wages.
(有些公司以極低的工資剝削勞工。)
We should exploit natural resources in a sustainable way.
(我們應該以永續的方式開發天然資源。)"
exploration,"exploration(n.)探險、探索、勘查
explore(v.)探索
explorer(n.)探險家
space exploration 太空探索
oil exploration 石油探勘
Space exploration has helped us learn more about our own planet.
(太空探索幫助我們更了解自己的星球。)
The children enjoyed their exploration of the forest during summer camp.
(孩子們在夏令營中很享受探索森林的過程。)"
extension,"extension(n.)延長、擴建、分機
extend(v.)延長
extensive(adj.)廣泛的
extension number 分機號碼
deadline extension 延長期限
Please call me at extension 205 if you have any questions.
(如有任何問題，請撥分機205找我。)
The teacher gave us a one-week extension on the report.
(老師讓我們的報告延後一週繳交。)"
extensive,"extensive(adj.)廣泛的、大量的、廣大的
extend(v.)延伸
extensively(adv.)廣泛地
extensive research 廣泛的研究
extensive damage 大範圍的損害
The scientist did extensive research before publishing her findings.
(這位科學家在發表研究結果前做了廣泛的研究。)
The earthquake caused extensive damage to buildings in the city.
(地震對市區建築造成了大範圍的損害。)"
exterior,"exterior(n./adj.)外部、外表、外部的
interior(n./adj.)內部、內部的
the exterior of 的外觀
exterior wall 外牆
The exterior of the old house was painted bright blue.
(那棟老房子的外觀被漆成亮藍色。)
Workers are repairing the exterior walls of the library.
(工人們正在修繕圖書館的外牆。)"
external,"external(adj./n.)外部的、外在的、外表
internal(adj.)內部的
externally(adv.)外部地
external pressure 外部壓力
for external use only 僅供外用
Students often face external pressure from parents and teachers.
(學生常常面臨來自家長和老師的外在壓力。)
This cream is for external use only, so do not swallow it.
(這款藥膏僅供外用，請勿吞食。)"
extinct,"extinct(adj.)滅絕的、絕種的、熄滅的
extinction(n.)滅絕
become extinct 絕種
extinct volcano 死火山
Dinosaurs became extinct about sixty-six million years ago.
(恐龍大約在六千六百萬年前滅絕。)
Many animals may become extinct if we don't protect their habitats.
(如果我們不保護牠們的棲地，許多動物可能會絕種。)"
extraordinary,"extraordinary(adj.)非凡的、特別的、異常的
extraordinarily(adv.)非常地、格外地
extraordinary talent 非凡的才能
extraordinary event 非比尋常的事件
Helen Keller lived an extraordinary life despite being blind and deaf.
(海倫·凱勒雖然又盲又聾，卻過著非凡的人生。)
Seeing snow in Taipei would be an extraordinary event.
(在台北看到下雪會是一件非比尋常的事。)"
fabric,"fabric(n.)布料、織物、結構
(無詞性變化)
cotton fabric 棉布
the fabric of society 社會結構
This shirt is made of soft cotton fabric.
(這件襯衫是用柔軟的棉布製成的。)
Family values are an important part of the fabric of society.
(家庭價值觀是社會結構中重要的一部分。)"
fabulous,"fabulous(adj.)極好的、驚人的、傳說中的
fable(n.)寓言
a fabulous time 極愉快的時光
fabulous wealth 驚人的財富
We had a fabulous time at the beach party last night.
(我們昨晚在海灘派對上玩得非常愉快。)
The singer wore a fabulous dress at the award ceremony.
(那位歌手在頒獎典禮上穿了一件超美的禮服。)"
facilitate,"facilitate(v.)促進、使便利
facility(n.)設施
facilitator(n.)協助者、引導者
facilitate learning 促進學習
facilitate communication 促進溝通
Group discussions can facilitate learning in the classroom.
(分組討論能促進課堂上的學習。)
The new app was designed to facilitate communication between parents and teachers.
(這款新應用程式是為了方便家長與老師溝通而設計的。)"
faculty,"faculty(n.)全體教職員、(大學)學院、能力
(無詞性變化)
faculty members 教職員
mental faculties 心智能力
All faculty members are invited to the meeting this Friday.
(本週五的會議邀請全體教職員出席。)
Even at ninety, my great-grandmother still has all her mental faculties.
(我曾祖母即使九十歲了，頭腦仍然非常清楚。)"
fascinate,"fascinate(v.)使著迷、強烈吸引
fascinating(adj.)迷人的
fascination(n.)著迷
be fascinated by 對…著迷
fascinating story 引人入勝的故事
I have always been fascinated by stars and planets.
(我一直對星星和行星深深著迷。)
The magician's tricks fascinated the young audience.
(魔術師的把戲讓年輕的觀眾們看得入迷。)"
fatigue,"fatigue(n./v.)疲勞、疲倦、使疲勞
(無詞性變化)
mental fatigue 心理疲勞
suffer from fatigue 感到疲勞
Driving for long hours without rest can cause fatigue and accidents.
(長時間開車不休息可能導致疲勞與意外。)
After the exam week, many students suffered from mental fatigue.
(考試週結束後，許多學生都感到心理疲憊。)"
federal,"federal(adj.)聯邦的、聯邦政府的
federation(n.)聯邦、聯盟
federal government 聯邦政府
federal law 聯邦法律
The federal government of the United States is based in Washington, D.C.
(美國聯邦政府設在華盛頓特區。)
Selling these drugs is against federal law.
(販賣這些藥物違反聯邦法律。)"
fiber,"fiber(n.)纖維、纖維質
(無詞性變化)
dietary fiber 膳食纖維
optical fiber 光纖
Vegetables and fruits are rich in dietary fiber.
(蔬菜和水果富含膳食纖維。)
Optical fiber allows data to travel at very high speeds.
(光纖讓資料能以極高速度傳輸。)"
filter,"filter(n./v.)過濾器、濾網、過濾
(無詞性變化)
water filter 濾水器
filter out 過濾掉
We installed a water filter in the kitchen for clean drinking water.
(我們在廚房裝了濾水器以取得乾淨的飲用水。)
The app can filter out spam messages automatically.
(這款應用程式能自動過濾掉垃圾訊息。)"
fiscal,"fiscal(adj.)財政的、會計的
(無詞性變化)
fiscal year 會計年度
fiscal policy 財政政策
The company's profits rose by ten percent in the last fiscal year.
(這家公司在上一個會計年度獲利成長了百分之十。)
The government changed its fiscal policy to boost the economy.
(政府調整財政政策以刺激經濟。)"
fleet,"fleet(n.)艦隊、船隊、車隊
(無詞性變化)
a fleet of 一隊…
fishing fleet 漁船隊
The company owns a fleet of electric buses.
(這家公司擁有一支電動公車車隊。)
The fishing fleet returned to the harbor before the typhoon arrived.
(漁船隊在颱風來臨前返回了港口。)"
flexibility,"flexibility(n.)彈性、靈活性、柔軟度
flexible(adj.)有彈性的、靈活的
show flexibility 展現彈性
improve flexibility 增加柔軟度
Working from home gives employees more flexibility.
(在家工作給予員工更多彈性。)
Doing yoga regularly can improve your flexibility.
(規律做瑜伽可以增加你身體的柔軟度。)"
flip,"flip(v./n.)輕拋、翻轉、快速翻動
(無詞性變化)
flip a coin 擲硬幣
flip through 快速翻閱
Let's flip a coin to decide who goes first.
(我們擲硬幣決定誰先開始吧。)
She flipped through the magazine while waiting for the doctor.
(她在等醫生時快速翻閱著雜誌。)"
fluency,"fluency(n.)流利、流暢
fluent(adj.)流利的
fluently(adv.)流利地
fluency in 精通…(語言)
improve one's fluency 提升流利度
Fluency in English is required for this job.
(這份工作要求英文流利。)
Reading aloud every day can help improve your fluency.
(每天大聲朗讀能幫助提升你的流利度。)"
fluid,"fluid(n./adj.)液體、流體、流動的、不固定的
fluidity(n.)流動性
drink plenty of fluids 多喝水
a fluid situation 變化不定的情勢
When you have a cold, you should rest and drink plenty of fluids.
(感冒時應該多休息並多喝水。)
The political situation is still fluid, so nobody knows what will happen.
(政治情勢仍變化不定，所以沒有人知道會發生什麼事。)"
forge,"forge(v.)鍛造、偽造、建立(關係)
forgery(n.)偽造、偽造品
forge a friendship 建立友誼
forge a signature 偽造簽名
The exchange program helped students forge friendships with people from other countries.
(交換計畫幫助學生和其他國家的人建立友誼。)
He was caught trying to forge his father's signature on the report card.
(他試圖在成績單上偽造爸爸的簽名，結果被抓到了。)"
format,"format(n./v.)格式、版式、形式、格式化
(無詞性變化)
file format 檔案格式
format a disk 格式化磁碟
Please save your report in PDF format before you upload it.
(上傳報告前請先存成PDF格式。)
The TV show changed its format to attract younger viewers.
(這個電視節目改變了形式以吸引年輕觀眾。)"
forum,"forum(n.)論壇、討論會
(無詞性變化)
online forum 網路論壇
public forum 公開論壇
Students can share their study tips on the school's online forum.
(學生可以在學校的網路論壇上分享讀書技巧。)
The city held a public forum to discuss the new MRT line.
(市政府舉辦了一場公開論壇討論新的捷運路線。)"
foster,"foster(adj./v.)寄養的、領養的、培養、促進
(無詞性變化)
foster family 寄養家庭
foster creativity 培養創造力
The little girl was placed with a foster family after the accident.
(意外發生後，那個小女孩被安置到一個寄養家庭。)
Teachers should create a classroom that fosters creativity.
(老師應該營造一個能培養創造力的教室環境。)"
foul,"foul(adj./n./v./adv.)骯髒的、難聞的、犯規、犯規地
(無詞性變化)
foul smell 惡臭
commit a foul 犯規
A foul smell came from the garbage truck.
(垃圾車傳來一股惡臭。)
The basketball player committed his fifth foul and had to leave the game.
(那名籃球員第五次犯規，必須退場。)"
fraction,"fraction(n.)分數、小部分、一點點
fractional(adj.)極小的、分數的
a fraction of 一小部分的…
in a fraction of a second 一瞬間
The online course costs only a fraction of the price of a regular class.
(這門線上課程的費用只有一般課程的一小部分。)
The goalkeeper reacted in a fraction of a second.
(守門員在一瞬間就做出了反應。)"
fragment,"fragment(n./v.)碎片、片段、使成碎片
fragmentary(adj.)不完整的
glass fragments 玻璃碎片
a fragment of 的片段
Be careful not to step on the glass fragments on the floor.
(小心不要踩到地上的玻璃碎片。)
I can only remember fragments of the dream I had last night.
(我只記得昨晚夢的片段。)"
framework,"framework(n.)框架、架構、體制
frame(n.)框架
legal framework 法律架構
within the framework of 在…的架構內
The new law provides a legal framework for protecting personal data.
(新法提供了保護個人資料的法律架構。)
The workers built a wooden framework before pouring the concrete.
(工人在灌水泥前先搭建了木製框架。)"
franchise,"franchise(n.)特許經營權、加盟店、系列作品
(無詞性變化)
franchise store 加盟店
movie franchise 系列電影
My uncle opened a franchise store of a famous drink shop.
(我叔叔開了一家知名飲料店的加盟店。)
The superhero movie franchise has earned billions of dollars.
(這個超級英雄系列電影已經賺進了數十億美元。)"
fraud,"fraud(n.)詐騙、詐欺、騙子
fraudulent(adj.)詐欺的
phone fraud 電話詐騙
commit fraud 從事詐欺
The police warned elderly people about phone fraud.
(警方提醒長者小心電話詐騙。)
The businessman was sent to prison for committing fraud.
(那位商人因詐欺罪入獄。)"
freight,"freight(n./v.)貨物、貨運、運送
(無詞性變化)
freight train 貨運列車
by air freight 經由空運
A long freight train passed slowly through the station.
(一列長長的貨運列車緩緩駛過車站。)
The company sends its products to Europe by air freight.
(這家公司將產品以空運寄往歐洲。)"
frontier,"frontier(n.)邊境、邊疆、(知識的)最前線
(無詞性變化)
the frontiers of science 科學的尖端
cross the frontier 越過邊境
Space is often called the final frontier of human exploration.
(太空常被稱為人類探索的最後疆界。)
Scientists are pushing the frontiers of medical research.
(科學家們不斷拓展醫學研究的領域。)"
galaxy,"galaxy(n.)星系、銀河
galactic(adj.)星系的
the Milky Way galaxy 銀河系
distant galaxy 遙遠的星系
Our solar system is located in the Milky Way galaxy.
(我們的太陽系位在銀河系之中。)
The space telescope took pictures of a galaxy billions of light-years away.
(太空望遠鏡拍下了一個數十億光年外的星系。)"
gasp,"gasp(n./v.)喘氣、倒抽一口氣
(無詞性變化)
gasp for breath 上氣不接下氣
gasp in surprise 驚訝得倒抽一口氣
After running up the stairs, he was gasping for breath.
(跑上樓梯後，他上氣不接下氣。)
The audience gasped in surprise when the magician disappeared.
(魔術師消失時，觀眾驚訝得倒抽一口氣。)"
gathering,"gathering(n.)聚會、集會、收集
gather(v.)聚集、收集
family gathering 家庭聚會
social gathering 社交聚會
Our whole family has a big gathering during the Lunar New Year.
(農曆新年期間我們全家會有一場大型聚會。)
Large public gatherings were banned during the epidemic.
(疫情期間禁止大型公共集會。)"
generate,"generate(v.)產生、引起
generation(n.)產生、世代
generator(n.)發電機
generate electricity 發電
generate interest 引起興趣
Wind turbines generate electricity without polluting the air.
(風力發電機發電時不會汙染空氣。)
The new science exhibit generated a lot of interest among students.
(新的科學展覽引起了學生們極大的興趣。)"
generator,"generator(n.)發電機、產生器
generate(v.)產生
power generator 發電機
backup generator 備用發電機
The hospital uses a backup generator during power outages.
(醫院在停電時會使用備用發電機。)
This website works as a random password generator.
(這個網站可以用來隨機產生密碼。)"
genetic,"genetic(adj.)基因的、遺傳的
gene(n.)基因
genetically(adv.)基因上
genetic engineering 基因工程
genetically modified food 基因改造食品
Some diseases are caused by genetic factors.
(有些疾病是由遺傳因素所引起的。)
Many people are worried about the safety of genetically modified food.
(許多人擔心基因改造食品的安全性。)"
genetics,"genetics(n.)遺傳學
genetic(adj.)遺傳的
geneticist(n.)遺傳學家
modern genetics 現代遺傳學
the father of genetics 遺傳學之父
Gregor Mendel is known as the father of modern genetics.
(孟德爾被稱為現代遺傳學之父。)
Advances in genetics may help doctors cure many diseases.
(遺傳學的進展可能幫助醫生治癒許多疾病。)"
genre,"genre(n.)類型、體裁、風格
(無詞性變化)
music genre 音樂類型
literary genre 文學體裁
Science fiction is my favorite movie genre.
(科幻片是我最喜歡的電影類型。)
The band mixes different music genres, such as jazz and hip-hop.
(這個樂團融合了爵士和嘻哈等不同的音樂類型。)"
glare,"glare(n./v.)怒視、刺眼的光、怒目而視
glaring(adj.)刺眼的、明顯的
glare at 怒視…
the glare of the sun 刺眼的陽光
The teacher glared at the students who were talking in class.
(老師怒視著在課堂上講話的學生。)
She put on sunglasses to protect her eyes from the glare of the sun.
(她戴上太陽眼鏡保護眼睛免受刺眼陽光照射。)"
gloomy,"gloomy(adj.)陰暗的、憂鬱的、悲觀的
gloom(n.)陰暗、憂鬱
gloomy weather 陰沉的天氣
a gloomy future 黯淡的前景
The gloomy weather made everyone feel tired and sleepy.
(陰沉的天氣讓每個人都覺得又累又想睡。)
Some experts give a gloomy forecast for the economy next year.
(有些專家對明年的經濟做出悲觀的預測。)"
gorgeous,"gorgeous(adj.)極美的、華麗的、令人愉快的
(無詞性變化)
gorgeous view 絕美的景色
gorgeous weather 極好的天氣
The hotel room has a gorgeous view of Sun Moon Lake.
(這間飯店房間可以看到日月潭的絕美景色。)
The bride looked gorgeous in her white wedding dress.
(新娘穿著白色婚紗看起來美極了。)"
grant,"grant(n./v.)補助金、授予、准予、承認
(無詞性變化)
take sth. for granted 把…視為理所當然
research grant 研究補助金
Don't take your parents' love for granted.
(不要把父母的愛視為理所當然。)
The university granted her a full scholarship to study abroad.
(大學提供她全額獎學金出國留學。)"
graphic,"graphic(adj./n.)圖像的、生動的、圖形
graph(n.)圖表
graphics(n.)圖像、繪圖
graphic design 平面設計
graphic description 生動的描述
My sister wants to study graphic design in college.
(我姊姊想在大學念平面設計。)
The news report gave a graphic description of the accident.
(新聞報導對那起事故做了生動的描述。)"
gravity,"gravity(n.)重力、地心引力、嚴重性
grave(adj.)嚴重的
the law of gravity 重力定律
the gravity of the situation 情勢的嚴重性
Newton discovered the law of gravity after watching an apple fall.
(牛頓在看到蘋果掉落後發現了重力定律。)
The students did not understand the gravity of the situation.
(學生們並不了解情勢的嚴重性。)"
greed,"greed(n.)貪婪、貪心
greedy(adj.)貪婪的
out of greed 出於貪婪
human greed 人類的貪婪
Many environmental problems are caused by human greed.
(許多環境問題都是由人類的貪婪造成的。)
He stole the money out of greed, not because he needed it.
(他偷錢是出於貪心，而不是因為需要。)"
grieve,"grieve(v.)悲傷、哀悼
grief(n.)悲傷
grieve for/over 為…悲傷
a grieving family 悲痛的家屬
The whole country grieved for the victims of the earthquake.
(全國都為地震罹難者哀悼。)
It takes time for people to grieve after losing a loved one.
(失去摯愛之後，人們需要時間去哀悼。)"
grill,"grill(n./v.)烤架、燒烤、盤問
grilled(adj.)烤過的
grilled chicken 烤雞
grill sb. about sth. 就某事盤問某人
We grilled corn and meat at the riverside for Mid-Autumn Festival.
(中秋節時我們在河邊烤玉米和肉。)
My parents grilled me about where I had been all night.
(我爸媽追問我整晚去了哪裡。)"
grim,"grim(adj.)嚴峻的、令人沮喪的、嚴肅的
grimly(adv.)嚴肅地、冷酷地
grim reality 殘酷的現實
grim news 令人沮喪的消息
The doctor's face was grim as he told us the news.
(醫生告訴我們消息時神情嚴肅。)
Climate scientists warn of a grim future if nothing changes.
(氣候科學家警告，若不做出改變，未來將十分嚴峻。)"
grip,"grip(n./v.)緊握、掌握、控制、吸引住
gripping(adj.)扣人心弦的
get a grip on 控制住、掌握
lose one's grip 失去控制
Get a grip on yourself; panicking won't help.
(冷靜一點，驚慌失措也沒有用。)
The child gripped his mother's hand tightly in the crowd.
(那孩子在人群中緊緊抓住媽媽的手。)"
gross,"gross(adj./v./n.)總共的、噁心的、嚴重的、總收入
(無詞性變化)
gross domestic product (GDP) 國內生產毛額
gross income 總收入
Taiwan's gross domestic product grew steadily last year.
(台灣去年的國內生產毛額穩定成長。)
Eww, that's gross! Don't put your dirty socks on the table.
(噁，好噁心！不要把你的髒襪子放在桌上。)"
guideline,"guideline(n.)指導方針、準則
guide(v./n.)引導、導遊
follow guidelines 遵守準則
safety guidelines 安全準則
All visitors must follow the safety guidelines in the laboratory.
(所有訪客在實驗室都必須遵守安全準則。)
The school issued new guidelines on the use of AI in homework.
(學校發布了關於在作業中使用人工智慧的新準則。)"
gut,"gut(n./v.)腸、直覺、勇氣、取出內臟、毀壞內部
guts(n.)勇氣、膽量
gutsy(adj.)有膽量的
gut feeling 直覺
have the guts to 有勇氣做…
My gut feeling told me something was wrong.
(我的直覺告訴我有些不對勁。)
He didn't have the guts to tell her the truth.
(他沒有勇氣告訴她實話。)"
